INSERT INTO product_category (product_category_id, product_category_name) VALUES
(1, 'Овощи и зелень'),
(2, 'Орехи и сухофрукты'),
(3, 'Мука и мучные изделия'),
(4, 'Хлебобулочные изделия'),
(5, 'Крупы, каши, бобовые'),
(6, 'Кондитерские изделия и сладости'),
(7, 'Мясные продукты'),
(8, 'Колбасные изделия и паштеты'),
(9, 'Рыба и морепродукты'),
(10, 'Молочные продукты'),
(11, 'Сыры и творог'),
(12, 'Мороженое'),
(13, 'Яйца и продукты из них'),
(14, 'Овощные консервы'),
(15, 'Масла и жиры'),
(16, 'Сырье, соусы и приправы'),
(17, 'Напитки безалкогольные'),
(18, 'Фрукты и ягоды'),
(19, 'Грибы'),
(20, 'Напитки алкогольные'),
(21, 'Соки свежевыжатые и пакетированные'),
(23, 'Грибы консервированные'),
(24, 'Фрукты консервированные'),
(25, 'Рыбные консервы'),
(26, 'Мясные консервы'),
(27, 'Готовые блюда'),
(28, 'Полуфабрикаты'),
(29, 'Супы'),
(30, 'Снеки'),
(31, 'Детское питание'),
(32, 'Спортивное питание'),
(33, 'Фастфуд');

INSERT INTO product_subcategory (product_subcategory_id, product_subcategory_name) VALUES
(1, 'Гарниры'),
(2, 'Полуфабрикаты'),
(3, 'Салаты'),
(4, 'Первые блюда'),
(5, 'Вторые блюда'),
(6, 'Выпечка'),
(7, 'Десерты'),
(8, 'Каши'),
(9, 'Закуски'),
(10, '-'),
(11, 'Шоколад');

INSERT INTO products (product_id, product_name, calorie_value, squirrels_value, fats_value, carbohydrates_value, glycemic_index, product_category_id, product_subcategory_id, ready_meal) VALUES
(4, 'Базилик', 27, 2.5, 0.6, 4.3, 5, 1, 10, 0),
(5, 'Баклажан', 22, 0.6, 0.1, 7.5, 20, 1, 10, 0),
(6, 'Брокколи', 28, 3, 0.4, 5.2, 15, 1, 10, 0),
(7, 'Брюква', 38, 1.2, 0.1, 8.4, 70, 1, 10, 0),
(8, 'Имбирь (корень)', 80, 1.8, 0.8, 15.8, 20, 1, 10, 0),
(9, 'Кабачки', 30, 0.8, 0.3, 5.9, 15, 1, 10, 0),
(10, 'Капуста', 31, 1.9, 0, 5.7, 15, 1, 10, 0),
(11, 'Капуста брюссельская', 43, 4.8, 0, 8, 15, 1, 10, 0),
(12, 'Капуста цветная', 30, 2.7, 0, 5.2, 15, 1, 10, 0),
(13, 'Картофель', 83, 2.2, 0.3, 19.7, 70, 1, 10, 0),
(14, 'Кинза (кориандр)', 23, 2.1, 0.5, 1.9, 15, 1, 10, 0),
(15, 'Кресс-салат', 11, 2.3, 0.1, 1.3, 10, 1, 10, 0),
(16, 'Кукуруза', 101, 3.5, 2.8, 15.6, 55, 1, 10, 0),
(17, 'Лук зеленый (перо)', 21, 1.4, 0, 4.2, 15, 1, 10, 0),
(18, 'Лук репчатый', 41, 1.6, 0, 9.3, 15, 1, 10, 0),
(19, 'Лук-порей', 38, 3.2, 0, 7.1, 15, 1, 10, 0),
(20, 'Маш-салат', 23, 1.1, 0, 3.5, 10, 1, 10, 0),
(21, 'Морковь', 29, 1.3, 0.1, 6.3, 20, 1, 10, 0),
(22, 'Мята', 49, 3.7, 0.4, 8, 10, 1, 10, 0),
(23, 'Огурец', 15, 0.7, 0, 3.1, 15, 1, 10, 0),
(24, 'Оливки', 111, 0.6, 10.2, 6.7, 15, 1, 10, 0),
(25, 'Перец болгарский ', 24, 1.2, 0, 4.8, 15, 1, 10, 0),
(26, 'Петрушка', 45, 3.8, 0, 8, 5, 1, 10, 0),
(27, 'Помидор', 19, 0.7, 0, 4.1, 30, 1, 10, 0),
(28, 'Редис', 22, 1.5, 0, 4.2, 15, 1, 10, 0),
(29, 'Редька', 33, 1.7, 0, 7.1, 30, 1, 10, 0),
(30, 'Репа', 27, 1.6, 0, 5.8, 30, 1, 10, 0),
(31, 'Розмарин', 131, 3.3, 5.9, 20.7, 10, 1, 10, 0),
(32, 'Руккола', 25, 2.6, 0.7, 2.1, 15, 1, 10, 0),
(33, 'Салат зеленый', 15, 1.6, 0, 2.1, 15, 1, 10, 0),
(34, 'Салат Айсберг', 14, 0.9, 0.1, 1.8, 15, 1, 10, 0),
(35, 'Салат Ботавия', 16, 1.5, 0.2, 2, 15, 1, 10, 0),
(36, 'Салат кочанный', 14, 0.9, 0.1, 1.8, 15, 1, 10, 0),
(37, 'Салат Лолло Росса', 16, 1.5, 0.2, 2, 15, 1, 10, 0),
(38, 'Салат Романо', 17, 1.8, 1.1, 2.7, 15, 1, 10, 0),
(39, 'Салат Фризе', 14, 1.5, 0, 2.2, 15, 1, 10, 0),
(40, 'Свекла', 46, 1.7, 0, 10.5, 30, 1, 10, 0),
(41, 'Сельдерей', 12, 0.9, 0.1, 2.1, 15, 1, 10, 0),
(42, 'Спаржа', 20, 1.9, 0.1, 3.1, 15, 1, 10, 0),
(43, 'Тархун (эстрагон)', 25, 1.5, 0, 5, 15, 1, 10, 0),
(44, 'Тимьян (чабрец)', 101, 5.6, 1.7, 10.5, 20, 1, 10, 0),
(45, 'Тыква', 28, 1.3, 0.3, 7.7, 75, 1, 10, 0),
(46, 'Укроп', 38, 2.5, 0.5, 6.3, 15, 1, 10, 0),
(47, 'Чеснок', 103, 6.6, 0, 21.1, 30, 1, 10, 0),
(48, 'Шалфей', 49, 3.7, 0.4, 8, 15, 1, 10, 0),
(49, 'Шафран', 310, 11.4, 5.9, 65.4, 15, 1, 10, 0),
(50, 'Шпинат', 22, 2.5, 0, 2.6, 15, 1, 10, 0),
(51, 'Щавель', 29, 1.6, 0, 5.5, 15, 1, 10, 0),
(52, 'Абрикос', 44, 0.7, 0, 10.1, 35, 18, 10, 0),
(53, 'Авокадо', 208, 2, 20, 7.4, 10, 18, 10, 0),
(54, 'Айва', 37, 0.6, 0, 8.7, 35, 18, 10, 0),
(55, 'Ананас ', 49, 0.3, 0, 1.9, 50, 18, 10, 0),
(56, 'Апельсин', 38, 0.8, 0, 8.6, 35, 18, 10, 0),
(57, 'Арбуз', 25, 0.6, 0.1, 5.8, 75, 18, 10, 0),
(58, 'Банан', 87, 1.7, 0, 22.1, 55, 18, 10, 0),
(59, 'Брусника', 42, 0.6, 0, 8.8, 45, 18, 10, 0),
(60, 'Виноград', 73, 0.5, 0, 17.8, 45, 18, 10, 0),
(61, 'Вишня', 46, 0.9, 0, 11.1, 20, 18, 10, 0),
(62, 'Гранат', 53, 0.9, 0, 11.9, 35, 18, 10, 0),
(63, 'Грейпфрут', 37, 0.8, 0, 7.5, 25, 18, 10, 0),
(64, 'Груша', 41, 0.5, 0, 10.6, 30, 18, 10, 0),
(65, 'Дыня', 34, 0.8, 0.3, 7.3, 65, 18, 10, 0),
(66, 'Ежевика', 31, 1.9, 0, 5.1, 25, 18, 10, 0),
(67, 'Земляника', 40, 1.9, 0, 7.1, 25, 18, 10, 0),
(68, 'Инжир', 49, 0.7, 0.2, 13.7, 35, 18, 10, 0),
(69, 'Киви', 46, 1, 0.7, 9.7, 50, 18, 10, 0),
(70, 'Клубника', 30, 0.6, 0.4, 7, 25, 18, 10, 0),
(71, 'Клюква', 27, 0.7, 0, 4.9, 45, 18, 10, 0),
(72, 'Кокос', 354, 3.4, 33.5, 6.2, 45, 18, 10, 0),
(73, 'Крыжовник', 43, 0.8, 0, 9.7, 25, 18, 10, 0),
(74, 'Лимон, лайм', 30, 0.9, 0, 3.3, 20, 18, 10, 0),
(75, 'Малина', 43, 0.7, 0, 9.2, 25, 18, 10, 0),
(76, 'Манго', 69, 0.6, 0.4, 11.8, 50, 18, 10, 0),
(77, 'Мандарин', 39, 0.9, 0, 8.8, 30, 18, 10, 0),
(78, 'Маракуйя', 68, 2.4, 0.4, 13.4, 30, 18, 10, 0),
(79, 'Персик', 42, 0.9, 0, 10.1, 35, 18, 10, 0),
(80, 'Помело', 32, 0.6, 0.2, 6.7, 30, 18, 10, 0),
(81, 'Слива', 41, 0.8, 0, 9.7, 35, 18, 10, 0),
(82, 'Смородина', 39, 0.6, 0, 8.7, 25, 18, 10, 0),
(83, 'Фейхоа', 49, 1, 1, 11, 40, 18, 10, 0),
(84, 'Хурма', 61, 0.7, 0, 15.7, 50, 18, 10, 0),
(85, 'Черешня', 54, 1.3, 0, 12.5, 25, 18, 10, 0),
(86, 'Черника', 41, 1.2, 0, 8.8, 25, 18, 10, 0),
(87, 'Яблоко', 48, 0.5, 0, 11.4, 35, 18, 10, 0),
(88, 'Белый гриб (свежие)', 34, 3.7, 1.7, 1.1, 15, 19, 10, 0),
(89, 'Белый гриб (сушеный)', 282, 23.4, 6.4, 31, 15, 19, 10, 0),
(90, 'Вешенки свежие ', 38, 2.5, 0.3, 6.5, 15, 19, 10, 0),
(91, 'Грузди свежие', 16, 1.8, 0.5, 0.8, 15, 19, 10, 0),
(92, 'Лисички свежие', 20, 1.6, 1.1, 2.2, 15, 19, 10, 0),
(93, 'Лисички сушеные', 261, 22.3, 7.6, 24.2, 15, 19, 10, 0),
(94, 'Маслята свежие', 19, 2.4, 0.7, 1.7, 15, 19, 10, 0),
(95, 'Опята свежие', 17, 2.2, 1.2, 0.5, 15, 19, 10, 0),
(96, 'Подберезовики свежие', 31, 2.3, 0.9, 3.7, 15, 19, 10, 0),
(97, 'Подберезовики сушеные', 231, 23.5, 9.2, 14.3, 15, 19, 10, 0),
(98, 'Подосиновики свежие', 22, 3.3, 0.5, 3.7, 15, 19, 10, 0),
(99, 'Подосиновики сушеные', 315, 35.4, 5.4, 33.2, 15, 19, 10, 0),
(100, 'Сыроежки свежие', 15, 1.7, 0.7, 1.5, 15, 19, 10, 0),
(101, 'Трюфели свежие', 51, 5.9, 0.5, 5.3, 15, 19, 10, 0),
(102, 'Шампиньоны свежие', 27, 4.3, 1, 1, 15, 19, 10, 0),
(103, 'Ананас сушеный', 288, 2, 1.4, 63, 50, 2, 10, 0),
(104, 'Арахис', 551, 26.3, 45.2, 9.9, 15, 2, 10, 0),
(105, 'Бананы сушеные', 390, 3.9, 1.8, 80.5, 35, 2, 10, 0),
(106, 'Боярышник сушеный', 142, 0, 0, 37, 25, 2, 10, 0),
(107, 'Бразильский орех', 656, 14.3, 66.4, 4.8, 25, 2, 10, 0),
(108, 'Вишня вяленая', 290, 1.5, 0, 73, 15, 2, 10, 0),
(109, 'Грецкие орехи', 662, 13.5, 61.5, 10.6, 15, 2, 10, 0),
(110, 'Груша сушеная', 249, 2.3, 0.6, 62.6, 40, 2, 10, 0),
(111, 'Дыня вяленая', 341, 0.7, 0.1, 82.2, 65, 2, 10, 0),
(112, 'Изюм', 264, 2.9, 0.6, 66, 65, 2, 10, 0),
(113, 'Инжир вяленый', 257, 3.1, 0.8, 57.9, 50, 2, 10, 0),
(114, 'Кедровые орехи', 673, 11.6, 61, 19.3, 15, 2, 10, 0),
(115, 'Кешью', 647, 25.8, 54.3, 13.3, 25, 2, 10, 0),
(116, 'Клубника вяленая', 286, 0.2, 0.4, 84.3, 35, 2, 10, 0),
(117, 'Клюква вяленая', 308, 0.1, 1.4, 76.5, 45, 2, 10, 0),
(118, 'Кокос сушеный', 354, 3.4, 33.5, 6.2, 35, 2, 10, 0),
(119, 'Кунжут ', 565, 19.4, 48.7, 12.2, 35, 2, 10, 0),
(120, 'Курага', 215, 5.2, 0.3, 51, 30, 2, 10, 0),
(121, 'Миндаль', 643, 18.3, 57.9, 13.4, 15, 2, 10, 0),
(122, 'Пекан', 691, 9.2, 72, 4.3, 25, 2, 10, 0),
(123, 'Персик вяленый', 254, 3, 0.4, 57.7, 50, 2, 10, 0),
(124, 'Семечки подсолнечника', 582, 20.9, 52.5, 5.4, 35, 2, 10, 0),
(125, 'Семечки тыквенные', 556, 24.5, 45.8, 4.7, 25, 2, 10, 0),
(126, 'Урюк', 213, 5, 0.4, 50.6, 35, 2, 10, 0),
(127, 'Финики', 277, 2.5, 0.4, 69.6, 55, 2, 10, 0),
(128, 'Фисташки', 556, 20, 50, 7, 15, 2, 10, 0),
(129, 'Фундук', 704, 16.1, 66.9, 9.9, 25, 2, 10, 0),
(130, 'Цукаты', 262, 2, 0, 65.3, 40, 2, 10, 0),
(131, 'Чернослив', 262, 2.7, 0, 65.3, 40, 2, 10, 0),
(132, 'Шиповник сушеный', 110, 3.4, 0, 21.5, 25, 2, 10, 0),
(133, 'Яблоки сушеные', 231, 2.2, 0.1, 59, 35, 2, 10, 0),
(134, 'Ягоды Годжи вяленые', 309, 11.1, 2.6, 53.4, 25, 2, 10, 0),
(135, 'Блины из пшеничной муки', 233, 6.1, 12.3, 26, 70, 3, 6, 1),
(136, 'Клецки из пшеничной муки', 160, 5, 4.8, 25.8, 70, 3, 10, 0),
(137, 'Лапша домашняя (яичная)', 322, 12, 3.7, 60.1, 70, 3, 10, 0),
(138, 'Лапша быстрого приготовления', 448, 8.8, 20.7, 56.7, 70, 3, 10, 0),
(139, 'Листы для лазаньи', 350, 12, 1.5, 72.2, 60, 3, 10, 0),
(140, 'Макароны 1С (из муки 1 сорта)', 335, 10.7, 1.3, 68.4, 50, 3, 10, 0),
(141, 'Макароны в/с (из муки высшего сорта)', 337, 10.4, 1.1, 69.7, 50, 3, 10, 0),
(142, 'Макароны молочные', 345, 11.5, 2.9, 67.1, 50, 2, 10, 0),
(143, 'Макароны яичные', 345, 11.3, 2.1, 68, 50, 3, 10, 0),
(144, 'Мука блинная ', 336, 10.1, 1.8, 69.7, 45, 3, 10, 0),
(145, 'Мука из овсяных отрубей', 320, 18, 7.1, 45.3, 40, 3, 10, 0),
(146, 'Мука из полбы', 361, 17, 2.4, 67.8, 65, 3, 10, 0),
(147, 'Мука кукурузная', 330, 7.2, 1.5, 70.2, 70, 3, 10, 0),
(148, 'Мука льняная', 270, 36, 10, 9, 40, 3, 10, 0),
(149, 'Мука пшеничная', 342, 9.2, 1.2, 74.9, 60, 3, 10, 0),
(150, 'Мука пшеничная 1С (первый сорт)', 331, 10.6, 1.3, 67.6, 85, 3, 10, 0),
(151, 'Мука пшеничная 2С (второй сорт)', 324, 11.7, 1.8, 637, 85, 3, 10, 0),
(152, 'Мука пшеничная в/с (высший сорт)', 334, 10.3, 1.1, 68.9, 85, 3, 10, 0),
(153, 'Мука пшеничная цельнозерновая', 298, 1.5, 2.2, 55.5, 85, 3, 10, 0),
(154, 'Мука ржаная грубого помола', 280, 9.4, 2.3, 55.9, 50, 3, 10, 0),
(155, 'Мука ржаная обдирная', 325, 9, 1, 73, 50, 3, 10, 0),
(156, 'Мука ржаная обойная', 293, 10.7, 1.9, 56.8, 50, 3, 10, 0),
(157, 'Мука рисовая', 371, 7.4, 0.6, 82, 95, 3, 10, 0),
(158, 'Мука ячменная', 284, 10, 1.6, 56.1, 25, 3, 10, 0),
(159, 'Пельменное тесто', 275, 11.9, 12.4, 29, 70, 3, 10, 0),
(160, 'Тесто для равиоли', 245, 15.5, 8, 29.7, 70, 3, 10, 0),
(161, 'Спагетти', 344, 10.4, 1.1, 71.5, 14, 3, 10, 0),
(162, 'Фетучини', 384, 14.1, 4.4, 67.6, 14, 3, 10, 0),
(163, 'Фунчоза', 320, 0.7, 0.5, 84, 45, 3, 10, 0),
(164, 'Багет пшеничный', 262, 7.5, 2.9, 51.4, 70, 4, 6, 1),
(165, 'Багет ржаной', 246, 7.8, 3.2, 47, 70, 4, 6, 1),
(166, 'Баранки', 336, 16, 1, 70, 70, 4, 6, 1),
(167, 'Батон нарезной', 264, 7.5, 2.9, 50.9, 60, 4, 6, 1),
(168, 'Батон пшеничный с отрубями', 273, 9.2, 2.8, 51.4, 60, 4, 6, 1),
(169, 'Бублик', 336, 16, 1, 70, 70, 4, 6, 1),
(170, 'Булочка отрубная', 220, 7.8, 1.8, 43.9, 15, 3, 6, 1),
(171, 'Булочка для гамбургера', 272, 7, 4, 52, 60, 4, 6, 1),
(172, 'Булочка для хот-догов', 339, 8.7, 7.5, 60.6, 60, 4, 6, 1),
(173, 'Булочка сдобная', 339, 7.9, 9.4, 55.5, 60, 4, 6, 1),
(174, 'Калач', 249, 7.9, 0.8, 51.6, 70, 4, 6, 1),
(175, 'Крендель', 338, 8.2, 3.1, 69.3, 70, 4, 6, 1),
(176, 'Лаваш', 236, 7.9, 1, 47.6, 40, 4, 6, 1),
(177, 'Лепешка ржаная', 376, 9, 18.3, 44.2, 32, 4, 6, 1),
(178, 'Пампушки', 215, 5.8, 3.9, 41.9, 50, 4, 6, 1),
(179, 'Пита', 242, 7.4, 0.8, 49.9, 57, 4, 6, 1),
(180, 'Плетенка с маком', 267, 7.9, 2.7, 51.5, 60, 4, 10, 0),
(181, 'Плюшка', 334, 7.6, 8.8, 56.4, 15, 4, 10, 0),
(182, 'Пончик', 296, 5.6, 13, 38.8, 75, 4, 10, 0),
(183, 'Рогалик', 357, 7.9, 10.8, 57.2, 60, 4, 10, 0),
(184, 'Сухарики из белого хлеба', 331, 11.2, 1.4, 72.2, 70, 4, 6, 1),
(185, 'Сухарики ржаные', 336, 16, 1, 70, 70, 4, 6, 1),
(186, 'Сухарики маковые', 372, 11.3, 4.4, 70.5, 70, 4, 6, 1),
(187, 'Хлеб без глютена', 274, 9.1, 1.5, 60.7, 35, 4, 6, 1),
(188, 'Хлеб Богородский бездрожжевой', 221, 6.9, 1.2, 43.2, 34, 4, 6, 1),
(189, 'Хлеб Бородинский', 208, 6.9, 1.3, 40.9, 34, 4, 6, 1),
(190, 'Хлеб Горняцкий', 136, 6.8, 1.1, 36.7, 34, 4, 6, 1),
(191, 'Хлеб Горчичный', 269, 7.1, 4.8, 48.3, 34, 4, 6, 1),
(192, 'Хлеб Гречневый', 228, 7.1, 2.5, 45.8, 34, 4, 6, 1),
(193, 'Хлеб Дарницкий', 206, 6.6, 1.1, 41, 34, 4, 6, 1),
(194, 'Хлеб Деревенский', 203, 6.8, 1.2, 41.2, 34, 4, 6, 1),
(195, 'Хлеб Здоровье', 199, 2, 8, 38, 34, 4, 6, 1),
(196, 'Хлеб из кукурузной муки', 266, 6.7, 7.1, 43.5, 34, 4, 6, 1),
(197, 'Хлеб Мультизлаковый', 225.3, 6.2, 6.8, 37.6, 35, 4, 6, 1),
(198, 'Хлеб Пражский', 244.8, 7.2, 1.7, 48.7, 34, 4, 6, 1),
(199, 'Хлеб Пшеничный', 242, 8.1, 1, 48.8, 34, 4, 6, 1),
(200, 'Хлеб Ржаной', 165, 6.6, 1.2, 34.2, 32, 4, 6, 1),
(201, 'Хлеб с отрубями', 227, 7.5, 1.3, 45.2, 34, 4, 6, 1),
(202, 'Хлеб с семенами льна', 231, 6.3, 4, 38.6, 35, 4, 6, 1),
(203, 'Хлеб с семенами подсолнуха', 302, 105, 10.1, 43.3, 35, 4, 6, 1),
(204, 'Хлеб с сухофруктами', 253, 11, 4, 43, 45, 4, 6, 1),
(205, 'Хлеб Столичный', 210, 7, 1.2, 45.8, 32, 4, 6, 1),
(206, 'Хлеб Тостовый', 285, 7.3, 3.9, 52.5, 35, 4, 6, 1),
(207, 'Хлебцы вафельные', 345, 11, 1, 70, 35, 4, 10, 1),
(208, 'Хлебцы докторские', 242, 8.2, 2.6, 46.3, 35, 4, 10, 1),
(209, 'Хлебцы ржаные', 310, 11, 2.7, 58, 35, 4, 10, 1),
(210, 'Хлебцы цельнозерновые', 295, 10.1, 2.3, 57.1, 35, 4, 10, 1),
(211, 'Чиабатта', 262, 7.7, 38, 47.8, 92, 4, 6, 1),
(212, 'Булгур', 342, 12.3, 1.3, 57.6, 45, 5, 1, 0),
(213, 'Геркулес', 352, 12.5, 6.2, 61, 40, 5, 8, 0),
(214, 'Горох', 299, 23, 1.6, 48.1, 25, 5, 10, 0),
(215, 'Гречневая крупа, ядрица', 308, 12.6, 3.3, 57.1, 50, 5, 10, 0),
(216, 'Киноа', 368, 14.1, 6.1, 57.2, 35, 5, 10, 0),
(217, 'Крупа манная', 333, 10.3, 1, 70.6, 45, 5, 10, 0),
(218, 'Крупа овсяная', 345, 11.9, 5.8, 65.4, 40, 5, 10, 0),
(219, 'Кус-кус', 376, 12.8, 0.6, 72.4, 45, 5, 10, 0),
(220, 'Крупа перловая', 315, 9.3, 1.1, 66.9, 30, 5, 10, 0),
(221, 'Крупа пшенная', 348, 11.5, 3.3, 69.3, 70, 5, 10, 0),
(222, 'Кукурузные хлопья', 372, 6.5, 2.9, 83.8, 85, 5, 10, 0),
(223, 'Мюсли', 317, 7.8, 4.6, 61.1, 50, 5, 10, 0),
(224, 'Рис белый', 344, 6.7, 0.7, 78.9, 70, 5, 10, 0),
(225, 'Рис дикий черный', 101, 4.1, 0.4, 21, 35, 5, 10, 0),
(226, 'Рис коричневый', 331, 6.3, 4.4, 65.1, 50, 5, 10, 0),
(227, 'Рисовые хлопья', 360, 7, 2, 77, 60, 5, 10, 0),
(228, 'Соя', 332, 34.9, 17.3, 26.5, 15, 5, 10, 0),
(229, 'Толокно', 363, 12.5, 6, 64.9, 25, 5, 10, 0),
(230, 'Нут', 364, 19, 6, 61, 35, 5, 10, 0),
(231, 'Фасоль белая', 102, 7, 0.5, 16.9, 30, 5, 10, 0),
(232, 'Фасоль красная', 93, 8.4, 0.3, 13.7, 35, 5, 10, 0),
(233, 'Фасоль черная', 132, 8.9, 0.5, 23.7, 35, 5, 10, 0),
(234, 'Чечевица', 284, 24, 1.5, 42.7, 30, 5, 10, 0),
(235, 'Ячневая крупа', 324, 10.4, 1.3, 66.3, 25, 5, 10, 0),
(236, 'Безе (меренги)', 300, 2.6, 20.8, 60.5, 33, 6, 7, 1),
(237, 'Варенье из абрикосов', 236, 0, 0, 62, 20, 6, 7, 1),
(238, 'Варенье из вишни', 256, 0, 0, 64, 20, 6, 7, 1),
(239, 'Варенье из клубники', 285, 0.3, 0.1, 74, 20, 6, 7, 1),
(240, 'Варенье из малины', 273, 0.6, 0.2, 70.4, 20, 6, 7, 1),
(241, 'Варенье из сливы', 288, 0.4, 0.3, 74.2, 20, 6, 7, 1),
(242, 'Варенье из черной смородины', 284, 0.6, 0.1, 72.9, 20, 6, 7, 1),
(243, 'Варенье из яблок', 265, 0.4, 0.3, 68.2, 20, 6, 7, 1),
(244, 'Вафли Венские с карамелью', 424, 8.1, 19.4, 53.3, 60, 6, 7, 1),
(245, 'Вафли классические', 425, 8.2, 19.8, 53.1, 75, 6, 7, 1),
(246, 'Вафли с фруктовой начинкой', 350, 3.2, 2.8, 80.9, 75, 6, 7, 1),
(247, 'Вафли шоколадные', 539, 3.4, 30.2, 64.7, 75, 6, 7, 1),
(248, 'Гематоген', 352, 6.2, 2.8, 75.5, 55, 6, 10, 0),
(249, 'Зефир', 295, 0.7, 0, 77.3, 56, 6, 7, 1),
(250, 'Ирис', 384, 3.1, 7.7, 81.2, 45, 6, 10, 0),
(251, 'Карамель', 291, 0, 0.2, 77.3, 80, 6, 10, 0),
(252, 'Козинак арахисовый', 485, 14.3, 25.1, 52.5, 45, 6, 10, 0),
(253, 'Козинак кунжутный', 510, 12.1, 28.9, 52.4, 45, 6, 10, 0),
(254, 'Козинак подсолнечный', 576, 14.8, 42.6, 34.5, 45, 6, 10, 0),
(255, 'Конфеты грильяжные', 523, 5.3, 26.9, 65.6, 50, 6, 10, 0),
(256, 'Конфеты кремовые', 523, 7.5, 31.8, 55.8, 50, 6, 10, 0),
(257, 'Конфеты помадные', 369, 2.2, 4.6, 83.6, 50, 6, 10, 0),
(258, 'Конфеты фруктовые', 369, 1.6, 8.6, 75.8, 50, 6, 10, 0),
(259, 'Конфеты шоколадные', 576, 3.9, 39.7, 54.6, 60, 6, 7, 1),
(260, 'Конфеты шоколадные с ореховой начинкой', 549, 6.4, 34.6, 54.6, 60, 6, 7, 1),
(261, 'Конфитюр', 183, 0.9, 0.2, 40.3, 20, 6, 10, 0),
(262, 'Мармелад', 289, 0, 0.2, 77.1, 55, 6, 10, 0),
(263, 'Паста Нутелла', 530, 6.8, 31, 56, 44, 6, 10, 0),
(264, 'Пастила', 301, 0.6, 0, 80.1, 56, 6, 10, 0),
(265, 'Печенье сахарное', 417, 7.5, 11.8, 74.9, 70, 6, 10, 0),
(266, 'Печенье грибочки', 367, 3.6, 7.9, 69.6, 70, 6, 10, 0),
(267, 'Печенье крекер', 352, 11.3, 13.4, 67.1, 70, 6, 10, 0),
(268, 'Печенье курабье', 516, 6.7, 25.8, 64.6, 70, 6, 10, 0),
(269, 'Печенье миндальное', 486, 7, 22.7, 64.7, 40, 6, 10, 0),
(270, 'Печенье овсяное', 437, 6.5, 14.4, 71.8, 40, 6, 10, 0),
(271, 'Печенье песочное', 407, 7.4, 9.4, 73.1, 40, 6, 6, 1),
(272, 'Печенье слоеные ушки', 520, 6.4, 29, 57, 55, 6, 10, 0),
(273, 'Печенье хворост', 283, 8.8, 3.7, 42.5, 40, 6, 10, 0),
(274, 'Пирожное воздушное', 419, 3.1, 16.3, 68.5, 70, 6, 7, 1),
(275, 'Пирожное йогуртовое', 352, 7, 24.6, 26.1, 70, 6, 7, 1),
(276, 'Пирожное картошка', 355, 3.7, 20, 47.6, 70, 6, 7, 1),
(277, 'Пирожное корзиночка с заварным кремом', 392, 2.8, 21.5, 46.2, 60, 6, 7, 1),
(278, 'Пряник Тульский', 364, 5.8, 6.5, 71.6, 64, 6, 10, 0),
(279, 'Пряники', 353, 5.9, 6.5, 70.5, 65, 6, 10, 0),
(280, 'Рахат-лукум', 316, 0.8, 0.7, 79.4, 75, 6, 10, 0),
(281, 'Сочник', 274, 10.1, 8.8, 40.5, 75, 6, 6, 1),
(282, 'Сухари', 397, 10, 2.3, 73.8, 70, 6, 6, 1),
(283, 'Торт Зимняя вишня', 282, 3.1, 6.1, 55.5, 100, 6, 7, 1),
(284, 'Торт Киевский', 321, 8.3, 16.1, 35.5, 100, 6, 7, 1),
(285, 'Торт Медовик', 478, 6, 29, 48.9, 100, 6, 7, 1),
(286, 'Торт Муравейник', 407, 5.6, 22.1, 47.4, 100, 6, 7, 1),
(287, 'Торт Наполеон', 413, 5.9, 32.7, 23.8, 100, 6, 7, 1),
(288, 'Торт Ореховый', 496, 8.5, 32.4, 42.7, 100, 6, 7, 1),
(289, 'Торт Панчо', 270, 5.6, 13.1, 33.5, 100, 6, 7, 1),
(290, 'Торт Прага', 411, 7.2, 24.3, 42, 100, 6, 7, 1),
(291, 'Торт Птичье молоко', 406.7, 3.2, 22, 49.1, 100, 6, 7, 1),
(292, 'Торт Рыжик', 436, 5.4, 26.2, 46.1, 100, 6, 7, 1),
(293, 'Торт Чародейка', 382, 5.3, 15.5, 57.3, 100, 6, 7, 1),
(294, 'Торт с черносливом', 346, 4.5, 22.7, 31, 100, 6, 7, 1),
(295, 'Торт сметанный', 275, 2.9, 13.5, 35.3, 100, 6, 7, 1),
(296, 'Торт творожный', 239, 3.6, 12.6, 26.6, 100, 6, 7, 1),
(297, 'Торт Черный принц', 348, 5.9, 19.2, 39.4, 100, 6, 7, 1),
(298, 'Халва', 523, 11.6, 29.7, 54, 70, 6, 7, 1),
(299, 'Чак-чак', 363, 8.6, 1.9, 77.9, 100, 6, 7, 1),
(300, 'Шоколад белый', 541, 4.2, 30.4, 62.2, 25, 6, 11, 1),
(301, 'Шербет', 417, 7.3, 13.9, 66.2, 50, 6, 10, 0),
(302, 'Шоколадный батончик', 453, 4.4, 18.2, 68, 70, 6, 11, 1),
(303, 'Шоколад горький (не менее 60% какао бобов)', 540, 8, 36, 46.8, 25, 6, 11, 1),
(304, 'Шоколад горький (не менее 70% какао бобов)', 510, 10, 36, 36, 22, 6, 11, 1),
(305, 'Шоколад молочный', 550, 6.9, 35.7, 54.4, 25, 6, 11, 1),
(306, 'Шоколад пористый горький', 517, 5.4, 28.5, 58.7, 25, 6, 11, 1),
(307, 'Шоколад пористый молочный', 522, 5.7, 27.9, 61.4, 25, 6, 11, 1),
(308, 'Шоколад с орехами', 580, 6.6, 40.9, 49.9, 25, 6, 11, 1),
(309, 'Шоколадная паста', 530, 6.8, 31, 56, 55, 6, 7, 1),
(310, 'Бефстроганов', 355, 21.9, 27.4, 5.7, 56, 7, 10, 0),
(313, 'Балык свиной', 286, 15.4, 24.9, 0, NULL, 7, 10, 0),
(314, 'Баранина (грудинка)', 288, 14, 25.8, 0, NULL, 7, 10, 0),
(315, 'Баранина (лопатка)', 284, 15.6, 25, 0, NULL, 7, 10, 0),
(316, 'Баранина (окорок)', 232, 18, 18, 0, NULL, 7, 10, 0),
(317, 'Баранина (отбивная на косточке)', 238, 16, 19, 0, NULL, 7, 10, 0),
(318, 'Баранина (спинная часть)', 254.1, 16.5, 20.9, 0, NULL, 7, 10, 0),
(319, 'Бекон', 500, 23, 45, 0, NULL, 7, 9, 1),
(320, 'Бифштекс', 384, 27.8, 29.6, 1.7, NULL, 7, 5, 0),
(321, 'Говядина (антрекот)', 220, 29.6, 11.2, 0, NULL, 7, 10, 0),
(322, 'Говядина (грудинка)', 224.6, 17, 17.4, 0, NULL, 7, 10, 0),
(323, 'Говядина (гуляш)', 148, 14, 9.2, 2.6, NULL, 7, 5, 0),
(324, 'Говядина (лопатка)', 137, 19.4, 6.6, 0, NULL, 7, 10, 0),
(325, 'Говядина (окорок)', 138.4, 20.2, 6.4, 0, NULL, 7, 10, 0),
(326, 'Говядина (ребра)', 234, 16.9, 19.7, 0, NULL, 7, 10, 0),
(327, 'Говядина (стейк)', 218.4, 18.6, 16, 0, NULL, 7, 5, 0),
(328, 'Говядина (ростбиф)', 224.6, 17, 17.4, 0, NULL, 7, 10, 0),
(329, 'Гусь', 412, 15.2, 39, 0, NULL, 7, 10, 0),
(330, 'Индейка (ножки)', 142, 15.7, 8.9, 0, NULL, 7, 10, 0),
(331, 'Индейка (филе)', 84, 19.2, 0.7, 0, NULL, 7, 10, 0),
(332, 'Козлятина', 216, 19, 16, 0, NULL, 7, 10, 0),
(333, 'Конина', 187, 20.2, 7, 0, NULL, 7, 10, 0),
(334, 'Кролик', 156, 21, 8, 0, NULL, 7, 10, 0),
(335, 'Курица (крылья)', 186, 19.2, 12.2, 0, NULL, 7, 10, 0),
(336, 'Курица (окорочка)', 158, 16.8, 10.2, 0, NULL, 7, 10, 0),
(337, 'Курица (филе)', 190, 16, 14, 0, NULL, 7, 10, 0),
(338, 'Печень говяжья', 125, 20, 3.1, 4, 50, 7, 10, 0),
(339, 'Печень гусиная ', 412, 15.2, 39, 0, NULL, 7, 10, 0),
(340, 'Печень индейки', 276, 19.5, 22, 0, NULL, 7, 10, 0),
(341, 'Печень куриная', 135, 19.1, 6.3, 0.6, NULL, 7, 10, 0),
(342, 'Печень свиная', 130, 22, 3.4, 2.6, NULL, 7, 10, 0),
(343, 'Поросенок молочный', 109, 20.6, 3, 0, NULL, 7, 10, 0),
(344, 'Почки говяжьи', 86, 15.2, 2.8, 0, NULL, 7, 10, 0),
(345, 'Сало свиное', 797, 2.4, 89, 0, NULL, 7, 9, 1),
(346, 'Свинина (антрекот)', 210, 28.7, 9.8, 0, NULL, 7, 10, 0),
(347, 'Свинина (ножка)', 216, 18, 16, 0, NULL, 7, 10, 0),
(348, 'Свинина (окорок)', 305, 27.2, 15, 0, NULL, 7, 10, 0),
(349, 'Свинина (отбивная на косточке)', 274, 18.3, 22.3, 0, NULL, 7, 10, 0),
(350, 'Свинина (ребра)', 321, 15.2, 29.3, 0, NULL, 7, 10, 0),
(351, 'Свинина (уши)', 211, 21, 14.1, 0, NULL, 7, 10, 0),
(352, 'Свинина (филе)', 142, 19.4, 7.1, 0, NULL, 7, 10, 0),
(353, 'Свинина (шейка)', 343, 13.7, 31.5, 0, NULL, 7, 10, 0),
(354, 'Свинина (шницель)', 259.4, 15.5, 19.4, 0, NULL, 7, 5, 0),
(355, 'Сердце говяжье', 96, 16, 3.5, 0, NULL, 7, 10, 0),
(356, 'Сердце индейки ', 128, 16, 5.1, 0.4, NULL, 7, 10, 0),
(357, 'Сердце куриное', 159, 15.8, 10.3, 0.8, NULL, 7, 10, 0),
(358, 'Сердце свиное', 118, 16.9, 4.8, 2.2, NULL, 7, 10, 0),
(359, 'Суповой набор куриный', 181, 16.5, 12.6, 0.4, 0, 7, 10, 0),
(360, 'Телятина (грудинка)', 88.8, 19.5, 1.2, 0, 0, 7, 10, 0),
(361, 'Телятина (окорок)', 108, 19.9, 3.1, 0, 0, 7, 10, 0),
(362, 'Телятина (отбивная на косточке)', 96.8, 19.7, 2, 0, 0, 7, 10, 0),
(363, 'Телятина (спинная чвсть)', 90, 19.8, 1.2, 0, 0, 7, 10, 0),
(364, 'Телятина (филе)', 87.5, 19.4, 1.1, 0, 0, 7, 10, 0),
(365, 'Телятина (шницель)', 161, 20.5, 2.1, 0, 0, 7, 10, 0),
(366, 'Утка', 308, 13.5, 28.6, 0, NULL, 7, 10, 0),
(367, 'Фарш бараний', 282, 17, 23, 0, NULL, 7, 5, 0),
(368, 'Фарш говяжий', 254, 17.2, 20, 0, NULL, 7, 5, 0),
(369, 'Фарш индейки', 161, 20, 8, 0.5, NULL, 7, 5, 0),
(370, 'Фарш куриный', 143, 17.4, 8.1, 0, NULL, 7, 5, 0),
(371, 'Фарш свиной', 263, 17, 21, 0, NULL, 7, 5, 0),
(372, 'Цыпленок-бройлер', 219, 18.7, 16.1, 0.5, 0, 7, 10, 0),
(373, 'Шпик свиной', 841, 1.4, 92.8, 0, NULL, 7, 9, 1),
(374, 'Ягнятина', 192, 16.2, 14.1, 0, NULL, 7, 10, 0),
(375, 'Ветчина', 270, 14, 24, 0, NULL, 8, 10, 1),
(376, 'Ветчина из индейки', 77, 15, 1, 2, NULL, 8, 10, 1),
(377, 'Колбаса вареная Докторская', 257, 1.4, 22.9, 0, NULL, 8, 10, 1),
(378, 'Колбаса вареная куриная', 223, 15.5, 16.2, 2.3, NULL, 8, 10, 1),
(379, 'Колбаса вареная Любительская', 311, 12.5, 28.3, 0, NULL, 8, 10, 1),
(380, 'Колбаса вареная Молочная', 428, 11.1, 22.5, 0, NULL, 8, 10, 1),
(381, 'Колбаса вареная свиная', 277, 10.8, 25.8, 0.5, NULL, 8, 10, 1),
(382, 'Колбаса вареная Чайная', 216, 11.7, 18.4, 1.9, NULL, 8, 10, 1),
(383, 'Колбаса варено-копченная Сервелат', 425, 16.1, 40.1, 0, NULL, 8, 10, 1),
(384, 'Колбаса Ливерная', 326, 14.4, 28.5, 2.2, NULL, 8, 10, 1),
(385, 'Колбаса печеночная', 258, 15, 22, 0, NULL, 8, 10, 1),
(386, 'Колбаса полукопченая Краковская', 466, 16.2, 44.6, 0, NULL, 8, 10, 1),
(387, 'Колбаса полукопченная Минская', 287, 17.4, 23, 2.7, NULL, 8, 10, 1),
(388, 'Колбаса полукопченая Полтавская', 417, 16.4, 39, 0, NULL, 8, 10, 1),
(389, 'Колбаса полукопченая Талинская', 373, 17.1, 33.8, 0.2, NULL, 8, 10, 1),
(390, 'Колбаса сырокопченая зернистая', 606, 9.9, 62.8, 0.3, 0, 8, 10, 0),
(391, 'Колбаса сырокопченая любительская', 514, 20.9, 47.8, 0, 0, 8, 10, 0),
(392, 'Колбаски Охотничьи', 325, 27.1, 24.6, 0, NULL, 8, 10, 1),
(393, 'Мортаделла', 331, 16.4, 25.3, 3.1, 0, 8, 10, 0),
(394, 'Паштет из печени', 177, 18.1, 11.1, 7, NULL, 8, 9, 1),
(395, 'Паштет мясной', 170, 15, 11, 0, 0, 8, 10, 0),
(396, 'Паштет печеночный говяжий', 217, 9.4, 18.7, 2.5, NULL, 8, 9, 1),
(397, 'Паштет печеночный с грибами', 314, 7.6, 30, 4.4, NULL, 8, 9, 1),
(398, 'Салями', 576, 21.3, 53.6, 1.1, NULL, 8, 10, 1),
(399, 'Сардельки говяжьи', 215, 11.4, 18.2, 1.5, NULL, 8, 10, 0),
(400, 'Сардельки свиные', 332, 10.1, 31.6, 1.9, NULL, 8, 10, 0),
(401, 'Сосиски говяжьи', 226, 10.4, 20.1, 0.8, NULL, 8, 10, 0),
(402, 'Сосиски куриные', 259, 10.8, 22.4, 4.2, NULL, 8, 10, 0),
(403, 'Сосиски молочные', 266, 11, 23.9, 1.6, NULL, 8, 10, 0),
(404, 'Шпикачки', 337, 10, 33, 0, NULL, 8, 10, 0),
(405, 'Анчоус атлантический', 135, 20.1, 6.1, 0, NULL, 9, 10, 0),
(406, 'Бычки', 88, 17.5, 2, 0, NULL, 9, 10, 0),
(407, 'Вобла', 97, 18, 2.8, 0, NULL, 9, 10, 0),
(408, 'Горбуша', 142, 20.5, 6.5, 0, NULL, 9, 10, 0),
(409, 'Дорадо (морской карась)', 96, 10, 3, 0, NULL, 9, 10, 0),
(410, 'Ерш', 88, 17.5, 2, 0, NULL, 9, 10, 0),
(411, 'Зубатка полосатая', 109, 16, 5, 0, NULL, 9, 10, 0),
(417, 'Кальмары свежие', 98, 19, 2.5, 1.8, NULL, 9, 9, 0),
(418, 'Кальмары сушеные', 286, 62, 2, 5, NULL, 9, 9, 0),
(419, 'Камбала', 83, 16.5, 1.8, 0, NULL, 9, 10, 0),
(420, 'Карась', 87, 17.7, 1.8, 0, NULL, 9, 10, 0),
(421, 'Карп', 112, 16, 5.3, 0, NULL, 9, 10, 0),
(422, 'Кета', 138, 22, 5.6, 0, NULL, 9, 10, 0),
(423, 'Килька', 137, 14.1, 9, 0, NULL, 9, 10, 0),
(424, 'Коктейль морской замороженный', 124, 2.1, 3.6, 1.8, 0, 9, 10, 0),
(425, 'Корюшка', 102, 15.4, 4.5, 0, 0, 9, 10, 0),
(426, 'Краб', 84, 18.3, 0.6, 0, 0, 9, 10, 0),
(427, 'Крабовое мясо', 73, 5, 1, 10, 50, 9, 10, 0),
(428, 'Крабовые палочки', 73, 6, 1, 10, 50, 9, 10, 0),
(429, 'Красноперка', 100, 18.3, 3, 0, 0, 9, 10, 0),
(430, 'Креветки очищенные замороженные', 60, 14, 1, 0, NULL, 9, 10, 0),
(431, 'Лещ', 105, 17.1, 4.1, 0, 0, 9, 10, 0),
(432, 'Лосось', 200, 19.2, 13.8, 0, 0, 9, 10, 0),
(433, 'Макрель', 113, 20.7, 3.4, 0, 0, 9, 10, 0),
(434, 'Мидии отварные', 50, 9.1, 1.5, 0, 0, 9, 10, 0),
(435, 'Минтай', 72, 15.9, 0.9, 0, 0, 9, 10, 0),
(436, 'Мойва', 157, 13.4, 11.5, 0, 0, 9, 10, 0),
(437, 'Морская капуста', 49, 0.8, 5.1, 0, 0, 9, 10, 0),
(438, 'Морские водоросли', 25, 1.5, 0, 5, 0, 9, 10, 0),
(439, 'Навага', 73, 16.1, 1, 0, 0, 9, 10, 0),
(440, 'Налим', 80, 18.8, 0.6, 0, 0, 9, 10, 0),
(441, 'Окунь морской', 79, 15.3, 1.5, 0, 0, 9, 10, 0),
(442, 'Окунь речной', 82, 18.5, 0.9, 0, 0, 9, 10, 0),
(443, 'Осетр', 163, 16.4, 10.9, 0, 0, 9, 10, 0),
(444, 'Палтус', 102, 18.9, 3, 0, 0, 9, 10, 0),
(445, 'Пикша', 71, 17.2, 0.2, 0, 0, 9, 10, 0),
(446, 'Плотва', 88, 17.5, 2, 0, 0, 9, 10, 0),
(447, 'Путассу', 72, 16.1, 0.9, 0, 0, 9, 10, 0),
(448, 'Раки морские вареные', 97, 20.3, 1.3, 1, NULL, 9, 10, 1),
(449, 'Рыбные палочки замороженные', 206, 9.5, 8.7, 22.4, 0, 9, 10, 0),
(450, 'Рыбный балык', 194, 20.4, 12.5, 0, 0, 9, 10, 0),
(451, 'Рыбный фарш', 69, 16, 0.6, 0, NULL, 9, 5, 0),
(452, 'Сазан', 119, 18.1, 5.2, 0, 0, 9, 10, 0),
(453, 'Сайра', 182, 18.6, 12, 0, 0, 9, 10, 0),
(454, 'Сардина', 169, 20.6, 9.6, 0, NULL, 9, 10, 0),
(455, 'Сельдь', 248, 17.3, 19.9, 0, 0, 9, 10, 0),
(456, 'Семга', 140, 21.6, 60, 0, 0, 9, 10, 0),
(457, 'Скумбрия', 191, 18, 13.2, 0, NULL, 9, 10, 0),
(458, 'Сом', 143, 16.8, 8.5, 0, 0, 9, 10, 0),
(459, 'Ставрида', 119, 19, 5, 0, 0, 9, 10, 0),
(460, 'Стерлядь', 122, 17, 6.1, 0, 0, 9, 10, 0),
(462, 'Судак', 84, 19.2, 0.7, 0, NULL, 9, 10, 0),
(463, 'Толстолобик', 86, 19.5, 0.9, 0.2, 0, 9, 10, 0),
(464, 'Треска', 78, 17.7, 0.7, 0, 0, 9, 10, 0),
(465, 'Треска (печень в масле)', 613, 4.2, 65.7, 1.2, NULL, 9, 10, 0),
(466, 'Тунец', 95, 21.7, 1.3, 0, NULL, 9, 10, 0),
(467, 'Тюлька соленая', 191, 19.2, 12.6, 0, 0, 9, 10, 0),
(468, 'Устрицы', 91, 14.4, 0.3, 6.2, 0, 9, 10, 0),
(469, 'Форель', 97, 19.2, 2.1, 0, 0, 9, 10, 0),
(470, 'Хамса соленая', 166, 21.2, 9, 0, 0, 9, 10, 0),
(471, 'Хек', 86, 16.6, 2.2, 0, 0, 9, 10, 0),
(472, 'Шпроты', 363, 17.4, 32.4, 0.4, NULL, 9, 9, 1),
(473, 'Щука', 82, 18.4, 0.8, 0, 0, 9, 10, 0),
(474, 'Язык морской', 88, 10.3, 5.2, 0, 0, 9, 10, 0),
(475, 'Барбарис вяленый', 152, 0, 0, 38, NULL, 2, 10, 0),
(476, 'Кекс с изюмом', 384, 6.4, 17.6, 53.6, 0, 6, 10, 0),
(477, 'Йогурт живой', 66.4, 3.3, 3, 5.3, 35, 10, 10, 0),
(478, 'Йогурт 1,5%', 65, 4.3, 1.5, 8.4, 35, 10, 10, 0),
(479, 'Йогурт 3,2%', 87, 5, 3.2, 8.9, 35, 10, 10, 0),
(480, 'Йогурт обезжиренный', 57, 10.3, 0, 4, 35, 10, 10, 0),
(481, 'Кефир 0%', 29, 2.8, 0, 3.8, 15, 10, 10, 0),
(482, 'Кефир 1%', 37, 2.8, 1, 4, 15, 10, 10, 0),
(483, 'Кефир 2,5%', 51, 3, 2.5, 4, 15, 10, 10, 0),
(484, 'Кефир 3,2%', 57, 3.2, 3.2, 4.1, 25, 10, 10, 0),
(485, 'Молоко 0%', 34, 2.8, 0, 4.6, 25, 10, 10, 0),
(486, 'Молоко 1%', 43, 2.8, 1, 4.6, 25, 10, 10, 0),
(487, 'Молоко 2.5%', 53, 2.8, 2.5, 4.6, 30, 10, 10, 0),
(488, 'Молоко 3,2%', 58, 2.8, 3.2, 4.6, 32, 10, 10, 0),
(489, 'Молоко козье', 71, 3.1, 4.2, 4.7, 30, 10, 10, 0),
(490, 'Молоко коровье свежее', 62, 2.9, 3.5, 4.7, 32, 10, 10, 0),
(491, 'Молоко сухое цельное', 477, 25.2, 25, 39.6, 30, 10, 10, 0),
(492, 'Молоко cгущеное с сахаром', 320, 7.2, 8.5, 56, 30, 10, 10, 0),
(493, 'Молоко сгущенное вареное', 328, 7.2, 8.5, 55.5, 30, 10, 10, 0),
(494, 'Молоко топленое', 84, 3, 6, 4.7, 30, 10, 10, 0),
(495, 'Напиток молочный шоколадный 3%', 81, 2.9, 3, 10, 30, 10, 10, 0),
(496, 'Простокваша 2,5%', 53, 2.9, 2.5, 4.1, 25, 10, 10, 0),
(497, 'Простокваша 3.2%', 57, 2.9, 3.2, 4, 25, 10, 10, 0),
(498, 'Ряженка 2,5%', 53, 2.9, 2.5, 4.1, 25, 10, 10, 0),
(499, 'Ряженка 4%', 68, 2.9, 4, 4.1, 25, 10, 10, 0),
(500, 'Сливки 10%', 121, 2.8, 10, 4.1, 56, 10, 10, 0),
(501, 'Сливки 20%', 209, 2.8, 20, 3.9, 45, 10, 10, 0),
(502, 'Сливки 35%', 337, 2.5, 35, 3, 35, 10, 10, 0),
(503, 'Сливки взбитые', 257, 3.2, 22.2, 12.5, 0, 10, 10, 0),
(504, 'Сливки сухие', 579, 23, 42.7, 26.3, 0, 10, 10, 0),
(505, 'Сметана 10 %', 118, 3, 10, 2.9, 15, 10, 10, 0),
(506, 'Сметана 15%', 163, 3, 15, 2.9, 0, 10, 10, 0),
(507, 'Сметана 20%', 208, 3, 20, 2.9, 56, 10, 10, 0),
(508, 'Сметана 30%', 293, 2.3, 30, 3.1, 30, 10, 10, 0),
(509, 'Сметана 40 %', 381, 2.4, 40, 2.6, 0, 10, 10, 0),
(510, 'Брынза (из коровьего молока)', 260, 17.9, 20.1, 0, 0, 11, 10, 0),
(511, 'Брынза (из овечьего молока)', 298, 14.6, 25.5, 0, 0, 11, 10, 0),
(512, 'Сыр Адыгейский', 240, 18.5, 14, 0, 0, 11, 10, 0),
(513, 'Сыр Гауда', 356, 25, 27, 2, NULL, 11, 10, 1),
(514, 'Сыр Голландский', 352, 26.4, 26.5, 0, 0, 11, 10, 0),
(515, 'Сыр Домашний', 113, 12.7, 5, 4, 0, 11, 10, 0),
(516, 'Сыр Камамбер', 291, 21, 23, 0, 0, 11, 10, 0),
(517, 'Сыр козий', 290, 21.3, 21.7, 0.7, 0, 11, 10, 0),
(518, 'Сыр колбасный копченый', 271, 23, 19, 0, 0, 11, 10, 0),
(519, 'Сыр Костромской', 345, 25.2, 26.3, 0, NULL, 11, 10, 1),
(520, 'Сыр Моцарелла', 240, 18, 24, 0, 0, 11, 10, 0),
(521, 'Сыр Мраморный', 326, 24.8, 25.2, 0, 0, 11, 10, 0),
(522, 'Сыр овечий', 298, 14.6, 25.5, 0, 0, 11, 10, 0),
(523, 'Сыр Пармезан', 392, 3, 28, 0, 0, 11, 10, 0),
(524, 'Сыр плавленный', 257, 16.8, 11.2, 23.8, 50, 11, 10, 0),
(525, 'Сыр плавленый шоколадный', 311, 11.6, 18.5, 25.8, 40, 11, 10, 0),
(526, 'Сыр Российский', 366, 24.1, 29.8, 0.4, 0, 11, 10, 0),
(527, 'Сыр сливочный', 216, 6, 20, 3, 0, 11, 10, 0),
(528, 'Сыр с плесенью', 340, 20, 29, 0, 0, 11, 10, 0),
(529, 'Сыр Сулугуни', 293, 20, 24.2, 0, 0, 11, 10, 0),
(530, 'Сыр твердый', 62.9, 10, 1.3, 2.8, 0, 11, 10, 0),
(531, 'Сыр Швейцарский', 396, 24.9, 31.8, 0, 0, 11, 10, 0),
(532, 'Сыр Фета', 290, 17, 24, 0, 0, 11, 10, 0),
(533, 'Сыр Эдам ', 330, 24, 26, 0, 0, 11, 10, 0),
(534, 'Творог 5%', 121, 17.2, 5, 1.8, 10, 11, 10, 0),
(535, 'Творог жирный 18%', 236, 14, 18, 1.9, 30, 11, 10, 0),
(536, 'Творог 2%', 101, 18.2, 2, 3.3, 10, 11, 10, 0),
(537, 'Творог обезжиренный', 71, 16.6, 0, 1.3, 10, 11, 10, 0),
(538, 'Творог 9%', 156, 6.5, 9, 1.9, 10, 11, 10, 0),
(539, 'творожный десерт', 119, 4.7, 4.5, 14.7, 70, 11, 10, 0),
(540, 'Творожные сырки глазированные', 407, 8.5, 27.8, 32, 70, 11, 10, 0),
(541, 'Творожная масса', 341, 7.1, 23, 27.5, 50, 11, 10, 0),
(542, 'Творожная масса с изюмом', 343, 6.8, 21.6, 29.9, 50, 11, 10, 0),
(543, 'Творожная масса с курагой', 357, 9, 23, 29, 50, 11, 10, 0),
(544, 'Вафельный рожок клубничный', 223, 3.8, 6.8, 22.2, 45, 12, 10, 0),
(545, 'Вафельный рожок с черной смородиной', 262, 2.6, 12.6, 35.5, 60, 12, 10, 0),
(546, 'Вафельный рожок сливочный', 179, 3.3, 10, 19.8, 35, 12, 10, 0),
(547, 'Вафельный рожок тропический вкус', 236, 2.4, 7.5, 39, 60, 12, 10, 0),
(548, 'Вафельный стаканчик ванильный', 171, 3.3, 7.9, 21.6, 0, 12, 10, 0),
(549, 'Вафельный стаканчик крем-брюле', 235, 3, 15, 23, 60, 12, 10, 0),
(550, 'Вафельный стаканчик шоколадный', 182, 3.5, 10.1, 19.7, 60, 12, 10, 0),
(551, 'Вафельный стаканчик ягодный', 227, 2.9, 14.2, 22.3, 60, 12, 10, 0),
(552, 'Лед фруктовый', 96.5, 0, 0, 25, 85, 12, 10, 0),
(553, 'Молочно-клубничное', 123, 3.8, 2.8, 22.2, 45, 12, 10, 0),
(554, 'Молочно-ореховое', 157, 5.4, 6.5, 20.1, 45, 12, 10, 0),
(555, 'Молочно-шоколадное', 138, 4.2, 3.5, 23, 45, 12, 10, 0),
(556, 'Молочное', 126, 3.2, 3.5, 21.3, 45, 12, 10, 0),
(557, 'Пломбир', 227, 3.2, 15, 20.8, 60, 12, 10, 0),
(558, 'Пломбир крем-брюле', 235, 3, 15, 23, 60, 12, 10, 0),
(559, 'Пломбир ореховый', 259, 5.2, 18, 19.9, 60, 12, 10, 0),
(560, 'Пломбир шоколадный', 236, 3.6, 15, 22.3, 70, 12, 10, 0),
(561, 'Сливочно-клубничное', 165, 3.8, 8, 20.9, 35, 12, 10, 0),
(562, 'Сливочно-ореховое', 210, 5.5, 13, 18.6, 35, 12, 10, 0),
(563, 'Сливочно-шоколадное', 188, 3.5, 10, 21.5, 60, 12, 10, 0),
(564, 'Сливочное', 179, 3.3, 10, 19.8, 35, 12, 10, 0),
(565, 'Сливочное крем-брюле', 186, 3.5, 10, 21.6, 60, 12, 10, 0),
(566, 'Сорбет арбузный', 82.3, 0.5, 0.1, 20.2, 85, 12, 10, 0),
(567, 'Сорбет бананово-клубничный', 83.5, 1.7, 0.6, 18.9, 85, 12, 10, 0),
(568, 'Сорбет вишневый', 77.5, 1.5, 0.8, 16.3, 85, 12, 10, 0),
(569, 'Эскимо без глазури', 215, 3.7, 13.2, 20.4, 60, 12, 10, 0),
(570, 'Эскимо в шоколадной глазури', 270, 3.5, 20, 19.6, 60, 12, 10, 0),
(571, 'Яйцо гусиное', 185, 13.9, 13.3, 1.4, 0, 13, 10, 0),
(572, 'Яйцо индюшиное', 165, 13.1, 11.7, 0.7, 0, 13, 10, 0),
(573, 'Яйцо куриное', 157, 12.7, 10.9, 0.7, NULL, 13, 10, 0),
(574, 'Яйцо куриное (белок)', 44, 11.1, 0, 0, 0, 13, 10, 0),
(575, 'Яйцо куриное (желток)', 352, 16.2, 31.2, 1, 0, 13, 10, 0),
(576, 'Яйцо страусиное', 118, 12.2, 11.7, 0.7, 0, 13, 10, 0),
(577, 'Яйцо перепелиное', 168, 11.9, 13.1, 0.6, 0, 13, 10, 0),
(578, 'Яйцо утиное', 185, 13.3, 14.5, 0.1, 0, 13, 10, 0),
(579, 'Яичный порошок', 542, 46, 37.3, 4.5, 0, 13, 10, 0),
(580, 'Горошек зеленый', 40, 3.1, 0.2, 6.5, 45, 14, 10, 0),
(581, 'Икра из баклажанов', 148, 1.7, 13.3, 5.1, 20, 14, 10, 0),
(582, 'Икра из кабачков', 119, 1.9, 8.9, 7.7, 15, 14, 10, 0),
(583, 'Капуста квашенная', 23, 1.3, 0.1, 3.6, 15, 14, 10, 0),
(584, 'Капуста цветная консервированная', 28, 2.5, 0.3, 4.2, 15, 14, 10, 0),
(585, 'Кукуруза сладкая', 119, 3.9, 1.3, 22.7, 55, 14, 10, 0),
(586, 'Маслины', 115, 0.9, 10.7, 6.3, 15, 14, 10, 0),
(587, 'Морковь консервированная', 23, 0.6, 0.1, 3.6, 40, 14, 10, 0),
(588, 'Огурец маринованный', 16, 2.8, 0, 1.3, 15, 14, 10, 0),
(589, 'Оливки с анчоусом', 147.6, 5.7, 15, 0.6, 15, 14, 10, 0),
(590, 'Оливки с апельсином', 166.6, 1.3, 15.8, 4.8, 15, 14, 10, 0),
(591, 'Оливки с лососем', 178, 1, 19, 4.7, 15, 14, 10, 0),
(592, 'Перец сладкий маринованный', 25, 1.3, 0.1, 4.9, 15, 14, 10, 0),
(593, 'Перец, фаршированный овощами', 109, 1.7, 6.6, 11.3, 15, 14, 5, 1),
(594, 'Свекла консервированная', 31, 1.2, 0, 6.9, 39, 14, 10, 0),
(595, 'Спаржа маринованная', 15, 1.8, 0.2, 1.5, 15, 14, 10, 0),
(596, 'Томаты с кожицей', 20, 1.1, 0.1, 3.5, 30, 14, 10, 0),
(597, 'Фасоль белая', 99, 6.7, 0.3, 17.4, 30, 14, 10, 0),
(598, 'Фасоль в томатном соусе', 114.7, 4.9, 4.6, 14.3, 30, 14, 10, 0),
(599, 'Фасоль красная', 99, 6.7, 0.3, 17.4, 35, 14, 10, 0),
(600, 'Фасоль стручковая', 16, 1.2, 0.1, 2.4, 30, 14, 10, 0),
(601, 'Чеснок (стрелки) маринованный', 24, 1, 0, 3.5, 15, 14, 10, 0),
(602, 'Чеснок маринованный', 42, 1.8, 0.1, 9.1, 30, 14, 10, 0),
(603, 'Чечевицы консервированная', 110, 8.6, 0.6, 17.5, 30, 14, 10, 0),
(604, 'Белые маринованные', 24, 3, 0.5, 2, 0, 23, 10, 0),
(605, 'Вешенки маринованные', 23, 1, 1.5, 0, 0, 23, 10, 0),
(606, 'Грузди маринованные', 26, 1, 1.8, 0, 10, 23, 10, 0),
(607, 'Маслята маринованные', 18, 3, 0.5, 1.4, 15, 23, 10, 0),
(608, 'Опята маринованные', 18, 1.8, 1, 0.4, 10, 23, 10, 0),
(609, 'Шампиньоны консервированные', 12, 1.6, 0.2, 0.9, 0, 23, 10, 0),
(610, 'Ананас консервированный', 57, 0.1, 0.1, 14, 50, 24, 10, 0),
(611, 'Апельсин маринованный', 37, 0.6, 0, 8.9, 35, 24, 10, 0),
(612, 'Арбуз консервированный', 37, 0.5, 0.1, 9, 75, 24, 10, 0),
(613, 'Абрикос консервированный', 38.3, 0.9, 0.1, 9, 65, 24, 10, 0),
(614, 'Виноград маринованный', 65.5, 0.6, 0.6, 15.4, 45, 24, 10, 0),
(615, 'Вишня консервированная', 44.8, 0.8, 0.2, 10.6, 20, 24, 10, 0),
(616, 'Груши консервированные', 42.9, 0.4, 0.3, 10.3, 30, 24, 10, 0),
(617, 'Мандарин консервированный', 37, 0.6, 0.3, 8.9, 50, 24, 10, 0),
(618, 'Персик консервированный', 97, 0.5, 0.1, 13.7, 50, 24, 10, 0),
(619, 'Сливы консервированные', 41.9, 0.8, 0.3, 9.6, 45, 24, 10, 0),
(620, 'Яблоки в сиропе', 48, 0.2, 0.1, 11.5, 50, 24, 10, 0),
(621, 'Анчоусы консервированные', 135.3, 20.1, 3, 0, 0, 25, 10, 0),
(622, 'Бычки в томатном соусе', 88, 17.5, 2, 0, NULL, 25, 9, 1),
(623, 'Горбуша в томатном соусе', 130, 15, 6, 4.1, NULL, 25, 9, 1),
(624, 'Горбуша натуральная', 136, 20.9, 5.8, 0, 0, 25, 10, 0),
(625, 'Икра горбуши зернистая', 230, 31.2, 11.7, 0, NULL, 25, 9, 0),
(626, 'Икра кеты зернистая', 251, 31.6, 13.8, 0, NULL, 25, 10, 0),
(627, 'Икра лососевая зернистая', 263, 32, 15, 0, NULL, 25, 10, 0),
(628, 'Икра мойвы', 365, 8.1, 38.6, 0, NULL, 25, 10, 0),
(629, 'Икра осетровая зернистая', 203, 28, 9.7, 0, NULL, 25, 10, 0),
(630, 'Икра трески', 115, 24, 0.2, 0, NULL, 25, 10, 0),
(631, 'Кета в томатном соусе', 88, 17.5, 2, 0, NULL, 25, 9, 1),
(632, 'Кета натуральная', 129, 21.5, 4.8, 0, NULL, 25, 10, 0),
(633, 'Килька пряного посола', 154, 14.8, 10.5, 0, NULL, 25, 9, 1),
(634, 'Килька в томатном соусе', 182, 14, 12, 4.5, NULL, 25, 9, 1),
(635, 'Крабы консервированные', 88, 17.5, 2, 0, NULL, 25, 9, 1),
(636, 'Креветки консервированные', 88, 17.5, 2, 0, NULL, 25, 9, 1),
(637, 'Лещ в томатном соусе', 124, 15.3, 5.1, 4, 0, 25, 10, 0),
(638, 'Осетр в томатном соусе', 164, 14.4, 11.8, 3.3, 0, 25, 10, 0),
(639, 'осетр консервированный', 88, 17.5, 2, 0, 0, 25, 10, 0),
(640, 'Печень трески', 61.3, 4.2, 65.7, 1.2, NULL, 25, 10, 0),
(641, 'Сайра в масле', 88, 17.5, 2, 0, NULL, 25, 9, 1),
(642, 'Сардины в масле', 88, 17.5, 2, 0, NULL, 25, 9, 1),
(643, 'Скумбрия в масле', 318, 14.4, 28.9, 0, NULL, 25, 9, 1),
(644, 'Ставрида в масле', 88, 17.5, 2, 0, NULL, 25, 9, 1),
(645, 'Ставрида в томатном соусе', 88, 17.5, 2, 0, NULL, 25, 9, 1),
(646, 'Судак в томатном соусе', 119, 14, 5.3, 3.1, NULL, 25, 9, 1),
(647, 'Треска копченая в масле', 290, 20.8, 23, 0, NULL, 25, 9, 1),
(648, 'Тунец в масле', 232, 22, 15.9, 0, NULL, 25, 10, 0),
(649, 'Тунец натуральный', 96, 22.5, 0.7, 0, NULL, 25, 10, 0),
(650, 'Шпроты в масле', 363, 17.4, 32.4, 0, NULL, 25, 9, 1),
(651, 'Тушенка баранина', 191, 17.4, 13.4, 0.2, NULL, 26, 10, 0),
(652, 'Тушенка говядина', 220, 16.8, 17, 0.2, NULL, 26, 10, 0),
(653, 'Гуляш бараний', 213, 14.2, 15.6, 3.9, NULL, 26, 10, 0),
(654, 'Гуляш говяжий', 212, 16.8, 14.3, 3.9, NULL, 26, 10, 0),
(655, 'Гуляш свиной', 333, 13.1, 29.4, 3.9, NULL, 26, 10, 0),
(656, 'Консервы мясные', 216, 18, 16, 0, NULL, 26, 10, 0),
(657, 'Субпродукты(головы, крылья, уши)', 241, 18.2, 18.4, 0.7, 0, 26, 10, 0),
(658, 'Жир из печени трески', 898, 0, 99.8, 0, NULL, 15, 10, 0),
(659, 'Жир куриный', 896, 0, 99.7, 0, NULL, 15, 10, 0),
(660, 'Жир рыбий', 902, 0, 100, 0, NULL, 15, 10, 0),
(661, 'Жир свиной топленый', 882, 0, 99.5, 0, NULL, 15, 10, 0),
(662, 'Маргарин низкокалорийный', 545, 0.5, 60, 0.7, NULL, 15, 10, 0),
(663, 'Маргарин сливочный', 746, 0.5, 82.3, 0, 55, 15, 10, 0),
(664, 'Масло арахисовое', 899, 0, 99.9, 0, 40, 15, 10, 0),
(665, 'Масло грецкого ореха', 898, 0, 99.8, 0, 35, 15, 10, 0),
(666, 'Масло конопляное', 899, 0, 99.9, 0, 35, 15, 10, 0),
(667, 'Масло кукурузное', 899, 0, 99.9, 0, 35, 15, 10, 0),
(668, 'Масло кунжутное', 988, 0, 99.9, 0, 35, 15, 10, 0),
(669, 'Масло льняное', 898, 0, 99.8, 0, 35, 15, 10, 0),
(670, 'Масло оливковое', 898, 0, 99.8, 0, 15, 15, 10, 0),
(671, 'Масло подсолнечное', 899, 0, 99.9, 0, 35, 15, 10, 0),
(672, 'Масло сливочное', 747, 0.8, 72.5, 1, 15, 15, 10, 0),
(673, 'Масло топленое', 885, 0.4, 98.1, 0.5, 15, 15, 10, 0),
(674, 'Масло шоколадное', 642, 1.5, 62, 18.6, 33, 15, 10, 0),
(675, 'Спред растительно-жировой', 360, 0, 40, 0, 0, 15, 10, 0),
(676, 'Агар пищевой', 301, 4, 0, 76, 15, 16, 10, 0),
(677, 'Базилик сушеный', 251, 14.4, 4, 61, 5, 16, 10, 0),
(678, 'Ванилин', 288, 0.1, 0.1, 12.7, 5, 16, 10, 0),
(679, 'Ваниль', 287, 1.2, 0.1, 12.5, 5, 16, 10, 0),
(680, 'Гвоздика', 323, 6, 20.1, 27, 15, 16, 10, 0),
(681, 'Горчица', 162, 5.7, 6.4, 22, 35, 16, 10, 0),
(682, 'Горчичный порошок', 378, 37.1, 11.1, 32.6, 35, 16, 10, 0),
(683, 'Дрожжи', 75, 12.7, 2.7, 0, 35, 16, 10, 0),
(684, 'Дрожжи прессованные', 109, 12.7, 2.7, 8.5, 35, 16, 10, 0),
(685, 'Желатин пищевой', 355, 87.2, 0.4, 0.7, 20, 16, 10, 0),
(686, 'Зира', 112, 12, 5, 32, 25, 16, 10, 0),
(687, 'Имбирь сушеный', 347, 9, 6, 70.8, 15, 16, 10, 0),
(688, 'Кардамон', 311, 10.8, 6.7, 68.5, 15, 16, 10, 0),
(689, 'Карри', 352, 12.7, 13.8, 25, 5, 16, 10, 0),
(690, 'Кетчуп', 93, 1.8, 1, 22.2, 55, 16, 10, 0),
(691, 'Кинза', 216, 3, 0, 54.5, 15, 16, 10, 0),
(692, 'Кокосовая стружка', 592, 13, 65, 14, 35, 16, 10, 0),
(693, 'Кориандр', 25, 1.5, 0, 5, 15, 16, 10, 0),
(694, 'Корица', 261, 3.9, 3.2, 79.8, 5, 16, 10, 0),
(695, 'Крахмал картофельный', 300, 0.1, 0, 79.6, 95, 16, 10, 0),
(696, 'Куркума', 325, 12.7, 13.8, 58.2, 10, 16, 10, 0),
(697, 'Лавровый лист', 313, 7.6, 8.4, 48.7, 15, 16, 10, 0),
(698, 'Лимонная кислота', 0, 0, 0, 0, 20, 16, 10, 0),
(699, 'Майонез', 665, 1.4, 72, 2.6, 60, 16, 10, 0),
(700, 'Майонез легкий', 299, 0.3, 30, 5.2, 60, 16, 10, 0),
(701, 'Майоран', 271, 12.7, 7, 60.6, 15, 16, 10, 0),
(702, 'Мед', 329, 0.8, 0, 81.5, 60, 16, 10, 0),
(703, 'Мята сушеная', 285, 19.9, 6, 22.2, 10, 16, 10, 0),
(704, 'Паприка сушеная', 282, 14.1, 12.8, 54, 15, 16, 10, 0),
(705, 'Перец душистый', 263, 6.1, 8.7, 50.5, 15, 16, 10, 0),
(706, 'Перец красный молотый', 21, 0.7, 0.3, 4.6, 15, 16, 10, 0),
(707, 'Перец черный', 251, 10.4, 3.3, 38.7, 15, 16, 10, 0),
(708, 'Петрушка сушеная', 276, 22.4, 4.4, 21.2, 5, 16, 10, 0),
(709, 'Разрыхлитель теста', 79, 0.1, 0, 19.6, 5, 16, 10, 0),
(710, 'Розмарин сушеный', 331, 4.8, 15.2, 64, 10, 16, 10, 0),
(711, 'Сахар тростникоый', 398, 0, 0, 99.4, 70, 16, 10, 0),
(712, 'Сахар-песок', 398, 0, 0, 99.7, 70, 16, 10, 0),
(713, 'Сироп вишневый', 256, 0.3, 0.1, 64, 55, 16, 10, 0),
(714, 'Сироп кленовый', 260, 0, 0.1, 67.4, 55, 16, 10, 0),
(715, 'Сироп клубничный', 154, 0.2, 0, 39.5, 50, 16, 10, 0),
(716, 'Сироп сахарный', 285, 0.2, 0, 70.5, 100, 16, 10, 0),
(717, 'Сода пищевая', 0, 0, 0, 0, NULL, 16, 10, 0),
(718, 'Солод ржаной', 316, 9.8, 1.2, 66.4, 100, 16, 10, 0),
(719, 'Соль морская', 0, 0, 0, 0, NULL, 16, 10, 0),
(720, 'Соль поваренная пищевая', 0, 0, 0, 0, NULL, 16, 10, 0),
(721, 'Соус Айоли', 791, 2, 86.5, 0.8, 10, 16, 10, 0),
(722, 'Соус барбекю', 166, 0.6, 0.7, 39.4, 15, 16, 10, 0),
(723, 'Соус Песто', 454, 5, 45, 6, 15, 16, 10, 0),
(724, 'Соус соевый', 183, 2.6, 0, 43, 20, 16, 10, 0),
(725, 'Соус сырный', 356, 2.5, 36, 5.5, 15, 16, 10, 0),
(726, 'Соус Табаско', 12, 0.8, 0.5, 1.1, 15, 16, 10, 0),
(727, 'Соус Тартар', 464, 0.9, 46, 7, 10, 16, 10, 0),
(728, 'Соус томатный', 80, 1.7, 7.8, 4.5, 15, 16, 10, 0),
(729, 'Сухари панировачные', 347, 9.7, 1.9, 77.6, 70, 16, 10, 0),
(730, 'Тимьян сушеный', 276, 9.1, 7.4, 26.9, 20, 16, 10, 0),
(731, 'Тмин', 333, 19.8, 14.6, 11.9, 15, 16, 10, 0),
(732, 'Томатная паста', 92, 5.6, 1.5, 16.7, 35, 16, 10, 0),
(733, 'Травы итальянские', 259, 12.4, 6.5, 26, 15, 16, 10, 0),
(734, 'Укроп сушеный', 40, 2.5, 0.5, 6.3, 5, 16, 10, 0),
(735, 'Уксус бальзамический', 88, 0.5, 0, 17, NULL, 16, 10, 0),
(736, 'Уксус белый винный', 14, 0, 0, 5.9, NULL, 16, 10, 0),
(737, 'Уксус столовый 9%', 32, 0, 0, 3, NULL, 16, 10, 0),
(738, 'Уксус яблочный 3%', 11, 0, 0, 2.3, NULL, 16, 10, 0),
(739, 'Хрен сушеный', 56, 3.2, 0.4, 10.5, 15, 16, 10, 0),
(740, 'Чеснок сушеный', 345, 16, 0.4, 75, 30, 16, 10, 0),
(741, 'Абсент', 171, 0, 0, 8.8, NULL, 20, 10, 0),
(742, 'Бренди', 225, 0, 0, 1, NULL, 20, 10, 0),
(743, 'Бурбун', 235, 0, 0, 0.4, NULL, 20, 10, 0),
(744, 'Вермут сухой', 110, 0, 0, 2.5, 10, 20, 10, 0),
(745, 'Вермут сладкий', 145, 0, 0, 17, 30, 20, 10, 0),
(746, 'Вино белое полусладкое', 69, 0, 0, 6, 20, 20, 10, 0),
(747, 'Вино белое полусухое', 65, 0.2, 0, 0.2, 20, 20, 10, 0),
(748, 'Вино белое сладкое', 153, 0.5, 0, 16, 20, 20, 10, 0),
(749, 'Вино белое сухое', 66, 0.1, 0, 0.6, 44, 20, 10, 0),
(750, 'Вино красное полусладкое', 84, 0.1, 0, 2.7, 20, 20, 10, 0),
(751, 'Вино красное полусухое', 71, 0.3, 0, 0.2, 20, 20, 10, 0),
(752, 'Вино красное сладкое', 172, 0.5, 0, 20, 20, 20, 10, 0),
(753, 'Вино красное сухое', 68, 0.2, 0, 0.3, 44, 20, 10, 0),
(754, 'Вино фруктовое', 100, 0, 0, 11, 30, 20, 10, 0),
(755, 'Виски', 222, 0, 0, 0, NULL, 20, 10, 0),
(756, 'Водка', 234, 0, 0, 0.1, NULL, 20, 10, 0),
(757, 'Глинтвейн', 85, 0, 0, 7.5, NULL, 20, 10, 0),
(758, 'Джин', 223, 0, 0, 0, NULL, 20, 10, 0),
(759, 'Игристое вино Брют', 88, 0.2, 0, 5, 15, 20, 10, 0),
(760, 'Игристое вино полусладкое', 69, 0, 0, 6, 15, 20, 10, 0),
(761, 'Коньяк', 240, 0, 0, 0.1, NULL, 16, 10, 0),
(762, 'Ликер', 344, 0, 0, 53, 30, 20, 10, 0),
(763, 'Медовуха', 71, 0, 0, 21.3, 65, 20, 10, 0),
(764, 'Пиво 3%', 37, 0.6, 0, 3.5, 110, 20, 10, 0),
(765, 'Пиво 4.5', 45, 0.6, 0, 3.8, 110, 20, 10, 0),
(766, 'Пиво светлое живое', 39, 0, 0, 3.7, 110, 20, 10, 0),
(767, 'Пиво темное', 39, 0.2, 0, 4, 110, 20, 10, 0),
(768, 'Портвейн', 167, 0, 0, 13.8, 30, 20, 10, 0),
(769, 'Рисовая водка (сакэ)', 134, 0.5, 0, 5, NULL, 20, 10, 0),
(770, 'Ром', 217, 0, 0, 0, NULL, 20, 10, 0),
(771, 'Сидр', 117, 0.2, 0.3, 28.9, 40, 20, 10, 0),
(772, 'Текила', 231, 1.4, 0.3, 24, 10, 20, 10, 0),
(773, 'Чача', 225, 0.1, 0.1, 0.5, NULL, 20, 10, 0),
(774, 'Шампанское', 88, 0.3, 0, 5.2, 46, 20, 10, 0),
(775, 'Шнапс', 200, 0, 0, 4, NULL, 20, 10, 0),
(776, '7up', 38, 0, 0, 8.7, 60, 17, 10, 0),
(777, 'Вода', 0, 0, 0, 0, NULL, 17, 10, 0),
(778, 'Вода минеральная', 0, 0, 0, 0, NULL, 17, 10, 0),
(779, 'Какао-порошок', 374, 24.2, 17.5, 31.9, 20, 17, 10, 0),
(780, 'Какао растворимый', 396, 17, 13.4, 50.3, 20, 17, 10, 0),
(781, 'Квас', 30, 0, 0, 5.5, 45, 17, 10, 0),
(782, 'Квас хлебный', 27, 0.2, 0, 5.2, 45, 17, 10, 0),
(783, 'Кола', 42, 0, 0, 10.4, 60, 17, 10, 0),
(784, 'Кола лайт', 0, 0, 0, 0, 60, 17, 10, 0),
(785, 'Кофе гляссе', 125, 4, 3, 19, NULL, 17, 10, 0),
(786, 'Кофе латте', 125, 1.5, 1.4, 2, NULL, 17, 10, 0),
(787, 'Кофе растворимый без сахара', 2, 0.2, 0.5, 0.2, 0, 17, 10, 0),
(788, 'Кофе с молоком и сахаром', 58, 0.7, 1, 11.2, 60, 17, 10, 0),
(789, 'Кофе черный', 2, 0.2, 0, 0.3, 52, 17, 10, 0),
(790, 'Кофе эспрессо', 3, 0.2, 0.1, 0.2, NULL, 17, 10, 0),
(791, 'Лимонад', 26, 0, 0, 6.4, 20, 17, 10, 0),
(792, 'Пепси', 38, 0, 0, 8.7, 60, 17, 10, 0),
(793, 'Пиво безалкогольное', 33, 0, 0, 4.7, 70, 17, 10, 0),
(794, 'Спрайт', 29, 0.1, 0, 7, 60, 17, 10, 0),
(795, 'Фанта', 48, 0, 0, 11.7, 60, 17, 10, 0),
(796, 'Цикорий', 11, 0.1, 0, 2.8, 40, 17, 10, 0),
(797, 'Чай ', 150, 4.6, 1.8, 31.6, NULL, 17, 10, 0),
(798, 'Чай имбирный', 29.5, 0.2, 0, 7.1, NULL, 17, 10, 0),
(799, 'Чай ароматизированный', 47.4, 0.5, 0.1, 12, NULL, 17, 10, 0),
(800, 'Чай белый', 140.9, 20, 5.1, 4, NULL, 17, 10, 0),
(801, 'Чай зеленый листовой', 0, 0, 0, 0, NULL, 17, 10, 0),
(802, 'Чай каркаде', 5, 0.3, 0, 0.6, NULL, 17, 10, 0),
(803, 'Чай мятный', 8.3, 0.4, 0, 1.7, NULL, 17, 10, 0),
(804, 'Чай облепиховый', 50, 0.6, 1.3, 7.4, NULL, 17, 10, 0),
(805, 'Чай Пуэр сухой', 152, 20, 5.1, 6.9, NULL, 17, 10, 0),
(806, 'Чай ройбуш', 16, 0.8, 0.8, 1.2, NULL, 17, 10, 0),
(807, 'Чай ромашковый', 1, 0, 0, 0.2, NULL, 17, 10, 0),
(808, 'Чай черный без сахара', 0, 0.1, 0, 0, NULL, 17, 10, 0),
(809, 'Чай черный с лимоном и сахаром', 28, 0.2, 0.1, 7.1, 60, 17, 10, 0),
(810, 'Чай черный с медом', 43, 4.7, 1.2, 3.5, NULL, 17, 10, 0),
(811, 'Чай черный с молоком и сахаром', 43, 0.7, 0.8, 8.2, 60, 17, 10, 0),
(812, 'Энергетический напиток', 52, 0, 0, 12.4, NULL, 17, 10, 0),
(813, 'Абрикосовый сок свежевыжатый', 39, 0.9, 0.2, 9.2, 45, 21, 10, 0),
(814, 'Абрикосовый сок с сахаром пакетированный', 55, 0.5, 0, 12.7, 55, 21, 10, 0),
(815, 'Ананасовый сок свежевыжатый', 48, 0.2, 0.2, 11.4, 50, 21, 10, 0),
(816, 'Ананасовый сок с сахаром пакетированный', 46, 0.4, 0.2, 11.5, 60, 21, 10, 0),
(817, 'Апельсиновый сок свежевыжатый', 36, 0.9, 0.1, 8.4, 45, 21, 10, 0),
(818, 'Апельсиновый сок с сахаром пакетированный', 60, 0.7, 0.1, 13.2, 55, 21, 10, 0),
(819, 'Виноградный сок свежевыжатый', 56, 0.3, 0, 14.5, 45, 21, 10, 0),
(820, 'Виноградный сок с сахаром пакетированный', 70, 0.3, 0.2, 16.3, 55, 21, 10, 0),
(821, 'Вишневый сок свежевыжатый', 49, 0.5, 0, 10.6, 20, 21, 10, 0),
(822, 'Вишневый сок с сахаром пакетированный', 51, 0.7, 0.2, 11.4, 30, 21, 10, 0),
(823, 'Гранатовый сок свежевыжатый', 58, 0.2, 0, 14, 35, 21, 10, 0),
(824, 'Гранатовый сок с сахаром пакетированный', 56, 0.3, 0.1, 14.2, 45, 21, 10, 0),
(825, 'Грейпфрутовый сок свежевыжатый', 30, 0.9, 0.2, 6.5, 45, 21, 10, 0),
(826, 'Грейпфрутовый сок с сахаром пакетированный', 38, 0.3, 0.1, 7.9, 55, 21, 10, 0),
(827, 'Грушевый сок свежевыжатый', 45.5, 0.4, 0.3, 11, 30, 21, 10, 0),
(828, 'Грушевый сок с сахаром пакетированный', 52, 0.4, 0.3, 12.9, 40, 21, 10, 0),
(829, 'Морковный сок свежевыжатый', 31, 1, 0.1, 6.5, 40, 21, 10, 0),
(830, 'Морковный сок с сахаром пакетированный', 56, 1.1, 0.1, 12.6, 40, 21, 10, 0),
(831, 'Персиковый сок свежевыжатый', 37, 0.8, 0.1, 9.1, 35, 21, 10, 0),
(832, 'Персиковый сок с сахаром пакетированный', 68, 0.3, 0, 16.5, 45, 21, 10, 0),
(833, 'Сливовый сок свежевыжатый', 39, 0.8, 0, 9.6, 35, 21, 10, 0),
(834, 'Сливовый сок с сахаром пакетированный', 68, 0.3, 0.1, 15.2, 45, 21, 10, 0),
(835, 'Сок \"Мультифрукт\" пакетированный', 46, 0.3, 0, 11.6, 35, 21, 10, 0),
(836, 'Томатный сок ', 18, 1, 0.1, 2.9, 35, 1, 10, 0),
(837, 'Яблочный сок свежевыжатый', 42, 0.5, 0.4, 9.7, 40, 21, 10, 0),
(838, 'Яблочный сок пакетированный с сахаром', 46, 0.5, 0.1, 10.1, 50, 21, 10, 0),
(839, 'Айран 0.5%', 17.3, 1.4, 0.5, 1.8, 15, 10, 10, 0),
(840, 'Айран 1.5%', 27.1, 1.4, 1.5, 2, 15, 10, 10, 0),
(841, 'Активия питьевая злаки', 80.6, 2.8, 2.2, 12.4, 0, 10, 10, 0),
(842, 'Активия питьевая ананас', 78, 2.8, 2, 12.2, 0, 10, 10, 0),
(843, 'Активия питьевая клубника и земляника', 75.2, 2.8, 2, 11.5, 0, 10, 10, 0),
(844, 'Активия питьевая лесные ягоды', 78.5, 2.8, 2.1, 12.1, 0, 10, 10, 0),
(845, 'Активия творожная клубника', 109.4, 4, 4.2, 13.9, 0, 10, 10, 0),
(846, 'Активия творожная натуральная', 78.9, 5.9, 4.5, 3.7, 0, 10, 10, 0),
(847, 'Активия творожная мюсли', 122.5, 5, 4.5, 15.5, 0, 10, 10, 0),
(848, 'Активия творожная отруби и злаки', 116.1, 4.2, 4.5, 14.7, 0, 10, 10, 0),
(849, 'Актуаль арбуз', 46.4, 0.4, 0, 11.2, 0, 10, 10, 0),
(850, 'Актуаль лимон и мята', 42.4, 0.4, 0, 10.2, 0, 10, 10, 0),
(851, 'Актуаль персик и маракуйя', 45.2, 0.4, 0, 10.9, 0, 10, 10, 0),
(852, 'Арахис в шоколаде', 497.4, 11.4, 25, 56.7, 0, 6, 10, 0),
(854, 'Голубика', 34, 1, 0.1, 7.7, 42, 18, 10, 0),
(855, 'Нектарин', 48, 0.9, 0.2, 11.8, 35, 18, 10, 0),
(856, 'Облепиха', 52, 0.9, 2.5, 5, 30, 18, 10, 0),
(906, 'Яйцо пашот', 143, 12.5, 9.4, 0.7, NULL, 27, 5, 1),
(905, 'Омлет', 154, 10.5, 11.6, 0.6, NULL, 27, 5, 1),
(904, 'Кукурузные палочки', 359, 10.1, 1.6, 81, NULL, 30, 10, 0),
(903, 'Банановые чипсы', 519, 2.3, 33.6, 50.7, NULL, 30, 10, 0),
(860, 'Гречневая каша рассыпчатая', 98.7, 3.6, 2.2, 17.1, NULL, 5, 8, 1),
(861, 'Борщ', 57.7, 3.8, 2.9, 4.3, NULL, 29, 4, 1),
(862, 'Борщ украинский', 90.2, 4.4, 4.4, 8.7, NULL, 29, 4, 1),
(863, 'Суп грибной', 50.9, 0.8, 3.4, 4.6, NULL, 29, 4, 1),
(864, 'Гороховый суп', 54.3, 2.2, 3, 5, NULL, 29, 4, 1),
(865, 'Рассольник', 40.4, 0.9, 1.6, 5.9, NULL, 29, 4, 1),
(866, 'Свекольник холодный', 62.6, 1.8, 3.6, 6.2, NULL, 29, 4, 1),
(867, 'Суп картофельный', 50.6, 1.3, 1.1, 9.4, NULL, 29, 4, 1),
(868, 'Суп картофельный с грибами', 42.2, 1.7, 1.2, 6.5, NULL, 29, 4, 1),
(869, 'Суп картофельный с мясными фрикадельками', 57.6, 3.3, 2.2, 6.5, NULL, 29, 4, 1),
(870, 'Суп молочный с вермишелью', 64.6, 2.8, 2.7, 7.7, NULL, 29, 4, 1),
(871, 'Суп фасолевый', 66.3, 1.7, 4.8, 4.2, NULL, 29, 4, 1),
(872, 'Суп харчо с мясом', 75, 3.1, 4.5, 5.5, NULL, 29, 4, 1),
(873, 'Суп-крем из тыквы', 92.5, 3.4, 4.6, 10, NULL, 29, 4, 1),
(874, 'Суп пюре из картофеля', 58, 1.6, 2, 8.3, NULL, 29, 4, 1),
(875, 'Щи из квашенной капусты', 37.2, 2, 2.8, 1, NULL, 29, 4, 1),
(876, 'Щи из свежей капусты', 33.3, 1, 1.9, 3.4, NULL, 29, 4, 1);

INSERT INTO products (product_id, product_name, calorie_value, squirrels_value, fats_value, carbohydrates_value, glycemic_index, product_category_id, product_subcategory_id, ready_meal) VALUES
(877, 'Биточки паровые', 281.4, 20, 19.5, 7, NULL, 7, 5, 1),
(878, 'Бифштекс с яйцом', 326.4, 26.1, 24, 1.6, NULL, 7, 5, 1),
(879, 'Грибы жаренные', 162.1, 4.6, 11.5, 10.7, NULL, 19, 5, 1),
(880, 'Тесто для пельменей', 234.1, 7.9, 1.4, 50.6, NULL, 28, 2, 0),
(881, 'Тесто дрожжевое', 277.8, 6.3, 15.9, 29.3, NULL, 28, 2, 0),
(882, 'Тесто слоеное', 337.2, 5.9, 18.5, 39.3, NULL, 28, 2, 0),
(883, 'Лазанья с мясом и соусом замороженная', 124, 6.6, 4.4, 12.9, NULL, 7, 2, 0),
(884, 'Лазанья овощная замороженная', 139, 6.8, 6, 12.2, NULL, 28, 2, 0),
(885, 'Буритто говядина и фасоль замороженные', 239, 7.2, 9.6, 26, NULL, 28, 2, 0),
(886, 'Винегрет', 130, 1.7, 10.3, 8.2, NULL, 27, 3, 1),
(887, 'Окрошка', 75.7, 3.7, 5.1, 4, NULL, 27, 3, 1),
(888, 'Пестрый  салат', 73.9, 3.7, 1.9, 11.2, NULL, 27, 3, 1),
(889, 'Салат ', 166, 3.9, 14.2, 6.1, NULL, 27, 3, 1),
(890, 'Салат \"Мимоза\"', 296.6, 6.3, 28.3, 4.4, NULL, 27, 3, 1),
(891, 'Салат \"Цезарь\"', 303.6, 14.8, 17.2, 24, NULL, 27, 3, 1),
(892, 'Салат греческий', 188.5, 3.9, 17.8, 3.4, NULL, 27, 3, 1),
(893, 'Салат из моркови', 191, 5.7, 7.6, 26.8, NULL, 27, 3, 1),
(894, 'Салат из огурцов', 57, 1.1, 4.5, 3.2, NULL, 27, 3, 1),
(895, 'Салат из помидоров', 146, 4.4, 12.4, 4.4, NULL, 27, 3, 1),
(896, 'Салат из помидоров и огурцов', 89, 0.7, 7.7, 4.5, NULL, 27, 3, 1),
(897, 'Салат из редиса со сметаной', 106, 2, 9.3, 4, NULL, 27, 3, 1),
(898, 'Салат из свеклы с сыром и чесноком', 211, 7.1, 17.1, 7.8, NULL, 27, 3, 1),
(899, 'Салат из спаржи', 237, 2.1, 23.9, 3.6, NULL, 27, 3, 1),
(900, 'Салат из стручковой фасоли', 215, 16.1, 3.9, 31.1, NULL, 27, 3, 1),
(901, 'Салат из сырой свеклы', 76, 1.2, 4.7, 8, NULL, 27, 3, 1),
(902, 'Сельд под шубой', 209, 8, 18.2, 3.7, NULL, 27, 3, 1),
(907, 'Яйцо куриное варенное вкрутую', 158, 12.8, 11.6, 0.7, NULL, 27, 5, 1),
(908, 'Яйцо куриное всмятку', 158, 12.8, 11.6, 0.7, NULL, 27, 5, 1),
(909, 'Яйцо куриное жаренное', 196, 13.6, 14.8, 0.8, NULL, 13, 5, 1),
(910, 'Бутерброд из плавленного сыра', 395, 8.4, 38.5, 4.2, NULL, 27, 9, 1),
(911, 'Бутерброд с килькой', 307, 7.3, 20.3, 25.6, NULL, 27, 9, 1),
(912, 'Бутерброд с отварной говядиной', 122, 7.6, 3.7, 14.2, NULL, 27, 9, 1),
(913, 'Гренки из пшеничного хлеба', 213, 9.7, 1.1, 44, NULL, 4, 9, 1),
(914, 'Гренки с сыром', 295, 13.9, 13.6, 31.3, NULL, 4, 9, 1),
(915, 'Тарталетки', 342, 9.4, 15.9, 43, NULL, 4, 9, 1),
(916, 'Холодец по домашнему', 257, 26.1, 15.5, 3.6, NULL, 27, 9, 1),
(917, 'Пшенная каша рассыпчатая', 135, 4.7, 1.1, 26, NULL, 5, 8, 1),
(918, 'Гречневая каша вязкая на воде', 90, 3.2, 0.8, 17.1, NULL, 5, 8, 1),
(919, 'Гречневая каша на молоке', 118, 4.2, 2.3, 21.6, NULL, 5, 8, 1),
(920, 'Гречневые хлопья', 330, 9, 2.4, 67, NULL, 5, 8, 1),
(921, 'Крупа Увелка дружба рис и пшено', 350, 8, 1, 77, NULL, 5, 8, 0),
(922, 'Кукурузная крупа', 337, 8.3, 1.2, 75, NULL, 5, 8, 0),
(923, 'Кус-кус приготовленный', 112, 3.8, 0.2, 21.8, NULL, 5, 8, 1),
(924, 'Манная каша на воде', 80, 2.5, 0.2, 16.8, NULL, 5, 8, 1),
(925, 'Манная каша на молоке', 98, 3, 3.2, 15.3, NULL, 5, 8, 1),
(926, 'Овсяная каша на воде', 88, 3, 1.7, 15, NULL, 5, 8, 1),
(927, 'Овсяная каша на молоке', 102, 3.2, 4.1, 14.2, NULL, 5, 8, 1),
(928, 'Овсяные хлопья ГЕРКУЛЕС', 352, 12.5, 6.2, 61, NULL, 5, 8, 1),
(929, 'Перловая каша на воде', 109, 3.1, 0.4, 22.2, NULL, 5, 8, 1),
(930, 'Перловая каша рассыпчатая', 106, 3.1, 0.4, 23, NULL, 5, 8, 1),
(931, 'Перловая крупа Makfa в пакетиках', 315, 9.3, 1.1, 66.9, NULL, 5, 8, 0),
(932, 'Полба', 370, 14.7, 2.2, 61.2, NULL, 5, 8, 0),
(933, 'Полбяная каша на воде', 127, 5.5, 4.6, 79.6, NULL, 5, 8, 1),
(934, 'Пшеница пророщенная', 198, 7.5, 1.3, 41.4, NULL, 5, 8, 0),
(935, 'Пшеничная крупа', 316, 11.5, 1.3, 62, NULL, 5, 8, 0),
(936, 'Пшенная каша вязкая на воде', 90, 3, 0.7, 17, NULL, 5, 10, 0),
(937, 'Пшенная каша рассыпчатая', 135, 4.7, 1.1, 26.1, NULL, 5, 8, 1),
(938, 'Ржаные отруби', 221, 11.2, 3.2, 32, NULL, 5, 10, 0),
(939, 'Рис длиннозерный пропаренный', 333, 7, 1, 74, NULL, 5, 10, 0),
(940, 'Рис круглозерный', 333, 7, 1, 74, NULL, 5, 10, 0),
(941, 'Рис для суши и японской кухни', 340, 8, 0.4, 77, NULL, 5, 10, 0),
(942, 'Рис белый вареный', 116, 2.2, 0.5, 24.9, NULL, 5, 1, 1),
(943, 'Рис дикий вареный', 100, 4, 0.3, 21.1, NULL, 5, 1, 1),
(944, 'Рис коричневый вареный', 110, 2.6, 0.9, 22.8, NULL, 5, 1, 1),
(945, 'Рисовая каша на воде', 78, 1.5, 0.1, 17.4, NULL, 5, 8, 1),
(946, 'Рисовая каша на молоке', 97, 2.5, 3.1, 16, NULL, 5, 8, 1),
(947, 'Толокно', 363, 12.5, 6, 64.9, NULL, 5, 10, 0),
(948, 'Хлопья 4 злака', 360, 10, 2, 77, NULL, 5, 8, 0),
(949, 'Хлопья 5 злаков', 370, 11, 3, 75, NULL, 5, 8, 0),
(950, 'Ячменная каша', 310, 11.5, 2, 65.8, NULL, 5, 8, 1),
(951, 'Ячменная крупа', 324, 10, 1.3, 71.7, NULL, 5, 10, 0),
(952, 'Ячневая каша на воде', 76, 2.3, 0.3, 15.7, NULL, 5, 8, 1),
(953, 'Ячневая каша на молоке', 111, 3.6, 2, 19.8, NULL, 5, 8, 1),
(954, 'Кальмар кольца', 242, 53, 1, 3, NULL, 30, 10, 1),
(955, 'Кальмар копченный', 242, 53, 2, 3, NULL, 30, 10, 1),
(956, 'Креветка со специями', 192, 36, 4, 3, NULL, 30, 10, 1),
(957, 'Ставридка золотистая подкопченная', 264, 48, 8, 0, NULL, 30, 10, 1),
(958, 'Ставридка солено-сушеная', 264, 48, 8, 0, NULL, 30, 10, 1),
(959, 'Попкорн карамельный', 401, 5.3, 8.7, 76.1, NULL, 30, 10, 1),
(960, 'Попкорн соленый', 407, 7.3, 13.5, 62.7, NULL, 30, 10, 1),
(961, 'Чипсы Lays сметана и лук', 510, 6, 30, 53, NULL, 30, 10, 1),
(962, 'Чипсы Lays бекон', 510, 6.5, 30, 53, NULL, 30, 10, 1),
(963, 'Чипсы Pringles паприка', 529, 3.2, 34, 49, NULL, 30, 10, 1),
(964, 'Чипсы Pringles копченый бекон', 551, 5.1, 34, 49, NULL, 30, 10, 1),
(965, 'Чипсы картофельные', 520, 5.5, 30, 53, NULL, 30, 10, 1),
(966, 'Бульон говяжий', 4, 0.6, 0.2, 0, NULL, 29, 4, 1),
(967, 'Бульон грибной', 3, 0.5, 0.1, 0, NULL, 29, 4, 1),
(968, 'Бульон куриный', 15, 2, 0.5, 0.3, NULL, 29, 4, 1),
(969, 'Бульон овощной', 5, 0.2, 0.1, 0.9, NULL, 29, 4, 1),
(970, 'Бульон рыбный', 2, 0.4, 0, 0, NULL, 29, 4, 1),
(971, 'Окрошка на кефире', 47, 3.1, 1.9, 4.3, NULL, 29, 4, 1),
(972, 'Солянка', 64, 3.5, 3.5, 4.3, NULL, 29, 4, 1),
(973, 'Суп из сельдерея', 37, 1.6, 1.8, 4.5, NULL, 29, 4, 1),
(974, 'Суп картофельный с макаронными изделиями', 48, 1.3, 1, 8.4, NULL, 29, 4, 1),
(975, 'Суп луковый', 44, 1.4, 2.7, 4, NULL, 29, 4, 1),
(976, 'Суп молочный с макаронами', 58, 2.2, 1.9, 7.9, NULL, 29, 4, 1),
(977, 'Суп молочный с рисом', 54, 1.8, 1.9, 7.3, NULL, 29, 4, 1),
(978, 'Суп овощной с фасолью', 46, 1.6, 2.1, 5.2, NULL, 29, 4, 1),
(979, 'Суп перловый с грибами', 43, 1.6, 1.2, 6.4, NULL, 29, 4, 1),
(980, 'Суп щавеливый', 40, 1.6, 2.5, 2.9, NULL, 29, 4, 1),
(981, 'Суп харчо с мясом', 40, 3.1, 2.5, 2.9, NULL, 29, 4, 1),
(982, 'Уха', 46, 3.4, 1, 5.5, NULL, 29, 4, 1),
(983, 'Щи из квашенной капусты с картофелем', 31, 0.6, 2.1, 3.1, NULL, 29, 4, 1),
(984, 'Щи из свежей капусты с картофелем', 38, 1, 0.8, 2.1, NULL, 29, 4, 1),
(985, 'Ассорти мясное', 264, 11.3, 23.5, 0.9, NULL, 27, 9, 1),
(986, 'Ассорти рыбное', 78, 10.4, 4.7, 0.5, NULL, 27, 9, 1),
(987, 'Баклажаны по корейски готовые', 109, 0, 9, 6.5, NULL, 27, 9, 1),
(988, 'Баклажаны фаршированные готовые', 79, 1.5, 6.1, 7.3, NULL, 27, 3, 1),
(989, 'Морковь по корейски ', 121, 1.1, 8.2, 10.7, NULL, 27, 9, 1),
(990, 'Салат краюовый', 128, 9.2, 7.4, 5.9, NULL, 27, 3, 1),
(991, 'Азу', 214, 11.9, 14.2, 10.2, NULL, 7, 5, 1),
(992, 'Бараньи яйца', 230, 13, 19, 0.1, NULL, 7, 10, 0),
(993, 'Бычьи яйца', 230, 13, 20, 0.1, NULL, 7, 10, 0),
(994, 'Говядина вареная', 254, 25.8, 16.8, 0, NULL, 7, 5, 1),
(995, 'Говядина тушеная', 232, 16.8, 18.3, 0, NULL, 7, 5, 1),
(996, 'Индейка филе отварное', 130, 25, 1, 0, NULL, 7, 5, 1),
(997, 'Котлеты из баранины отбивные', 394, 20.6, 30.6, 9.1, NULL, 7, 5, 1),
(998, 'Котлеты из баранины рубленые', 240, 13.6, 14.8, 12.9, NULL, 7, 5, 1),
(999, 'Котлеты из говядины', 260, 18, 20, 0, NULL, 7, 5, 1),
(1000, 'Котлеты из индейки', 222, 18.6, 12.2, 13.8, NULL, 7, 5, 1),
(1001, 'Котлеты из курицы', 222, 18.2, 10.4, 13.8, NULL, 7, 5, 1),
(1002, 'Котлеты из свинины отбивные', 470, 17.5, 40.3, 8.8, NULL, 7, 5, 1),
(1003, 'Котлеты из свинины рубленые', 466, 13.6, 45.7, 0, NULL, 7, 5, 1),
(1004, 'Котлеты из телятины', 375, 23, 31, 0, NULL, 7, 5, 1),
(1005, 'Кроличий фарш', 147, 19.5, 7.4, 0.7, NULL, 7, 2, 1),
(1006, 'Куриная грудка вареная', 137, 29.8, 1.8, 0.5, NULL, 7, 5, 1),
(1007, 'Куриная грудка копченая', 117, 18, 5, 0, NULL, 7, 5, 1),
(1008, 'Куриная грудка на пару', 113, 23.6, 1.9, 0, NULL, 7, 5, 1),
(1009, 'Куриная печень жареная', 210, 30.8, 8.9, 2, NULL, 7, 5, 1),
(1010, 'Куриное сердце  вареное', 182, 20, 10.9, 1.1, NULL, 7, 5, 1),
(1011, 'Куриное филе вареное', 153, 30.4, 3.5, 0, NULL, 7, 5, 1),
(1012, 'Куриные крылышки копченые', 290, 29.9, 19.5, 0, NULL, 7, 5, 1),
(1013, 'Куриные окорочка копченые', 220, 10, 20, 0, NULL, 7, 5, 1),
(1014, 'Куриные потроха', 130, 18.3, 5.2, 1.4, NULL, 7, 5, 1),
(1015, 'Куриные суповой набор', 181, 16.5, 12.6, 0.4, NULL, 7, 10, 0),
(1016, 'Куриный шницель рубленный', 210, 14.7, 12.8, 9.9, NULL, 7, 2, 0),
(1017, 'Курица вареная без кожи', 170, 25.2, 7.4, 0, NULL, 7, 5, 1),
(1018, 'Курица копченая', 254, 27.5, 8.2, 0, NULL, 7, 5, 1),
(1019, 'Наггетсы куриные Мираторг классические', 211, 13.3, 10.8, 15.1, NULL, 28, 2, 0),
(1020, 'Наггетсы куриные Мираторг с ветчиной', 229, 13.3, 13.1, 14.5, NULL, 28, 2, 0),
(1021, 'Наггетсы куриные Мираторг с сыром', 219, 12.3, 11.8, 15.8, NULL, 28, 2, 0),
(1022, 'Свинина вареная', 375, 22.6, 31.6, 0, NULL, 7, 5, 1),
(1023, 'Свинина жареная', 489, 11.4, 49.3, 0, NULL, 7, 5, 1),
(1024, 'Свинина копченая', 302, 16.6, 24.8, 3.4, NULL, 7, 5, 1),
(1025, 'Свинина тушеная', 235, 9.8, 20.3, 3.2, NULL, 7, 5, 1),
(1026, 'Свиные ребра копченые', 514, 10, 52.7, 0, NULL, 7, 5, 1),
(1027, 'Телятина отварная', 131, 30.7, 0.9, 0, NULL, 7, 5, 1),
(1028, 'Утка вареная', 248, 19.7, 18.8, 0, NULL, 7, 5, 1),
(1029, 'Утка копченая', 337, 19, 28.4, 0, NULL, 7, 5, 1),
(1030, 'Утка жареная', 266, 22.6, 19.5, 0, NULL, 7, 5, 1),
(1031, 'Фуа-гра', 462, 11.4, 43.8, 4.7, NULL, 7, 5, 1),
(1032, 'Вобла вяленая', 235, 46.4, 5.5, 0, NULL, 9, 9, 1),
(1033, 'Вобла копченая', 181, 31.1, 6.3, 0, NULL, 9, 9, 1),
(1034, 'Водоросль нори', 349, 46.1, 0.1, 41, NULL, 9, 10, 1),
(1035, 'Горбуша горячего копчения', 161, 23.2, 7.6, 0, NULL, 9, 9, 1),
(1036, 'Горбуша жареная в кляре', 281, 17.1, 16.4, 15.2, NULL, 9, 5, 1),
(1037, 'Горбуша отварная', 168, 22.9, 7.8, 0, NULL, 9, 5, 1),
(1038, 'Зубатка жареная', 209, 22.2, 11.5, 4.1, NULL, 9, 5, 1),
(1039, 'Зубатка запеченная', 114, 7.4, 8.8, 6.8, NULL, 9, 5, 1),
(1040, 'Зубатка отварная', 114, 15.5, 5.8, 0, NULL, 9, 5, 1),
(1041, 'Икра щучья', 87, 17.3, 2, 0, NULL, 9, 9, 1),
(1042, 'Кальмары жареные', 188, 14, 13.4, 1.8, NULL, 9, 9, 1),
(1043, 'Камбала жареная', 223, 16.8, 15.1, 4.7, NULL, 9, 5, 1),
(1044, 'Камбала отварная', 103, 18.3, 3.3, 0, NULL, 9, 5, 1),
(1045, 'Карп жареный', 196, 18.3, 11.6, 4.5, NULL, 9, 5, 1),
(1046, 'Карп маринованный', 138, 13.6, 8.7, 1.4, NULL, 9, 5, 1),
(1047, 'Карп отварной', 102, 16, 3.7, 2, NULL, 9, 5, 1),
(1048, 'Килька горячего копчения', 162, 21.3, 8.5, 0, NULL, 9, 9, 1),
(1049, 'Килька обжаренная в томтаном соусе', 154, 14, 10.5, 0, NULL, 9, 5, 1),
(1050, 'Котлеты из трески', 164, 12.6, 5.9, 15, NULL, 9, 5, 1),
(1051, 'Крабы отварные', 96, 16, 3.6, 0, NULL, 9, 5, 1),
(1052, 'Креветки отварные', 95, 18.9, 2.2, 0, NULL, 9, 5, 1),
(1053, 'Лемонема', 67, 15.9, 0.4, 0, NULL, 9, 10, 0),
(1054, 'Лещ вяленый', 221, 42, 5.9, 0, NULL, 9, 9, 1),
(1055, 'Лещ горячего копчения', 172, 32.8, 4.5, 0, NULL, 9, 9, 1),
(1056, 'Лещ отварной', 126, 20.9, 4.7, 0, NULL, 9, 5, 1),
(1057, 'Лещ холодного копчения', 160, 29.7, 4.6, 0, NULL, 9, 9, 1),
(1058, 'Лимонелла', 79, 17.6, 1, 0, NULL, 9, 10, 0),
(1059, 'Лобстер', 90, 18.8, 0.9, 0.5, NULL, 9, 10, 0),
(1060, 'Лосось копченный', 162, 21.5, 8.4, 0, NULL, 9, 9, 1),
(1061, 'Лосось соленый', 209, 23, 13, 0, NULL, 9, 9, 1),
(1062, 'Мидии жареные', 59, 11.2, 1.6, 0, NULL, 9, 5, 1),
(1063, 'Мидии отварные', 50, 9.1, 1.5, 0, NULL, 9, 5, 1),
(1064, 'Минтай отварной', 79, 17.6, 1, 0, NULL, 9, 5, 1),
(1065, 'Мойва  жареная', 369, 20, 30.3, 4.2, NULL, 9, 5, 1),
(1066, 'Мойва копченая', 270, 18, 22, 0, NULL, 9, 9, 1),
(1067, 'Моллюски', 77, 16.7, 1.1, 0, NULL, 9, 9, 1),
(1068, 'налим отварной', 92, 21.4, 0.7, 0, NULL, 9, 5, 1),
(1069, 'Окунь морской отварной', 112, 19.9, 3.6, 0, NULL, 9, 5, 1),
(1070, 'Окунь речной жареные', 180, 20.6, 9.1, 4, NULL, 9, 5, 1),
(1071, 'Осетр жареный', 273, 16, 17.4, 13.2, NULL, 9, 5, 1),
(1072, 'Осетр отварной', 179, 17.7, 12, 0, NULL, 9, 5, 1),
(1073, 'Палтус отварной', 216, 14, 17.8, 0, NULL, 9, 5, 1),
(1074, 'Пангасиус', 89, 15, 3, 0, NULL, 9, 10, 0),
(1075, 'Раки морские свежие', 89, 18.8, 1.3, 0.5, NULL, 9, 10, 0),
(1076, 'Раки речные свежие', 76, 15.5, 1, 1.2, NULL, 9, 10, 0),
(1077, 'Раки речные вареные', 97, 20.3, 1.3, 1, 5, 9, 5, 1),
(1078, 'Сельд соленая', 217, 19.8, 15.4, 0, NULL, 9, 9, 1),
(1079, 'Семга копченая', 202, 22.5, 12.5, 0, NULL, 9, 5, 1),
(1080, 'Семга на пару', 197, 19.3, 12.5, 0, NULL, 9, 5, 1),
(1081, 'Семга отварная', 189, 22.5, 12.5, 0, NULL, 9, 5, 1),
(1082, 'Скумбрия горячего копчения', 317, 22.1, 23.8, 4.1, NULL, 9, 9, 1),
(1083, 'Скумбрия на пару', 191, 18, 13.2, 0, NULL, 9, 5, 1),
(1084, 'Скумбрия отварная', 211, 19.6, 14.7, 0, NULL, 9, 5, 1),
(1085, 'Скумбрия соленая', 194, 18, 13.1, 0, NULL, 9, 9, 1),
(1086, 'Сом отварной', 196, 18.4, 13.6, 0, NULL, 9, 5, 1),
(1087, 'Ставрида жареная', 190, 20.3, 10.5, 3.7, NULL, 9, 5, 1),
(1088, 'Ставрида отварная', 133, 20.6, 5.6, 0, NULL, 9, 5, 1),
(1089, 'Стерлядь копченая', 88, 17.5, 2, 0, NULL, 9, 9, 1),
(1090, 'Судак отварной', 97, 21.3, 1.3, 0, NULL, 9, 5, 1),
(1091, 'Терпуг', 102, 17.8, 3.4, 0, NULL, 9, 10, 0),
(1092, 'Тилапия', 96, 20.1, 1.7, 0, NULL, 9, 10, 0),
(1093, 'Тилапия жареная', 128, 26.1, 2.6, 0, NULL, 9, 5, 1),
(1094, 'Треска жареная', 111, 23, 0.1, 0, NULL, 9, 5, 1),
(1095, 'Треска запеченая', 90, 6, 3.7, 8, NULL, 9, 5, 1),
(1096, 'Треска отварная', 94, 22.1, 0.5, 0, NULL, 9, 5, 1),
(1097, 'Тунец стружка', 434, 81.2, 1.8, 0.6, NULL, 9, 10, 1),
(1098, 'Тунец копченый', 139, 24.4, 4.6, 0, NULL, 9, 5, 1),
(1099, 'Угорь копченый', 326, 17.9, 28.6, 0, NULL, 9, 9, 1),
(1100, 'Угорь морской свежий', 93, 19.1, 1.9, 0, NULL, 9, 10, 0),
(1101, 'Устрицы отварные', 95, 14, 3, 0, NULL, 9, 5, 1),
(1102, 'Форель копченая', 132, 26, 3.1, 0.5, NULL, 9, 5, 1),
(1103, 'Форель отварная', 89, 15.5, 3, 0, NULL, 9, 5, 1),
(1104, 'Форель слабосоленая', 186, 20.6, 10.1, 0, NULL, 9, 9, 1),
(1105, 'Хариус', 88, 17.5, 2, 0, NULL, 9, 10, 0),
(1106, 'Хек жареный', 105, 14.3, 3.9, 2.5, NULL, 9, 5, 1),
(1107, 'Хек отварной', 95, 18.5, 2.3, 0, NULL, 9, 5, 1),
(1108, 'Чехонь', 88, 17.5, 2, 0, NULL, 9, 10, 0),
(1109, 'Щука отварная', 98, 21.3, 1.3, 0, NULL, 9, 5, 1),
(1110, 'Язык морской жареный', 369, 20, 30.3, 4.2, NULL, 9, 5, 1),
(1111, 'Аджика', 59, 1, 3.7, 5.8, NULL, 16, 10, 0),
(1112, 'Анис', 337, 17.6, 15.9, 35.4, NULL, 16, 10, 0),
(1113, 'Бадьян', 337, 18, 16, 50, NULL, 16, 10, 0),
(1114, 'Бульонный кубик', 40, 2, 2, 4, NULL, 16, 10, 0),
(1115, 'Ванильная эссенция', 288, 0.1, 0.1, 12.6, NULL, 16, 10, 0),
(1116, 'Дрожжи сухие быстродействующие', 410, 49, 6, 40, NULL, 16, 10, 0),
(1117, 'Дрожжи пивные', 75, 12.7, 2.7, 0, NULL, 16, 10, 0),
(1118, 'Душица (орегано)', 25, 1.5, 0, 5, NULL, 16, 10, 0),
(1119, 'Жасмин', 1, 0.1, 0, 0, NULL, 16, 10, 0),
(1120, 'Желе ', 374, 13.1, 0, 80.4, NULL, 16, 10, 0),
(1121, 'закваска хлебная ржаная', 132, 3.9, 0.7, 26.7, NULL, 16, 10, 0),
(1122, 'Зелень сушеная', 210, 3, 0, 24.5, NULL, 16, 10, 0),
(1123, 'Крахмал кукурузный', 329, 1, 0.6, 85.2, NULL, 16, 10, 0),
(1124, 'Перец чили', 40, 2, 0.2, 9.5, NULL, 16, 10, 0),
(1125, 'Приправа для борща', 173, 10.3, 1.5, 29.5, NULL, 16, 10, 0),
(1126, 'Приправа для картофеля', 144, 6, 2, 25.5, NULL, 16, 10, 0),
(1127, 'Приправа для курицы', 161, 8.4, 1.2, 29.1, NULL, 16, 10, 0),
(1128, 'Приправа для мяса', 144, 6, 2, 25.5, NULL, 16, 10, 0),
(1129, 'Приправа для плова', 173, 10.3, 1.5, 29.5, NULL, 16, 10, 0),
(1130, 'Приправа для рыбы', 166, 8.1, 1.3, 30.5, NULL, 16, 10, 0),
(1131, 'Приправа для шашлыка', 161, 8.4, 1.2, 29.1, NULL, 16, 10, 0),
(1132, 'Приправа смесь перцев', 255, 10.9, 3.2, 38.3, NULL, 16, 10, 0),
(1133, 'приправа универсальная', 89, 7.8, 0.7, 12.8, NULL, 16, 10, 0),
(1134, 'Сахар рафинад', 400, 0, 0, 99.9, NULL, 16, 10, 0),
(1135, 'Сахарозаменитель Fit Parad №1', 1, 0, 0, 0.2, NULL, 16, 10, 0),
(1136, 'Сахарозаменитель Fit Parad №10', 2, 0, 0, 0.5, NULL, 16, 10, 0),
(1137, 'Сахарозаменитель Fit Parad №11', 203, 0, 0, 94.5, NULL, 16, 10, 0),
(1138, 'Сахарозаменитель  Эритроль', 20, 0.1, 0.2, 4, NULL, 16, 10, 0),
(1139, 'Сироп Гренадин', 268, 0, 0, 66.9, NULL, 16, 10, 0),
(1140, 'Сироп топинамбура Тоба', 267, 0, 0, 69.5, NULL, 16, 10, 0),
(1141, 'Соус сметанный', 78, 1.9, 5.7, 5.2, NULL, 16, 10, 0),
(1142, 'Соус соевый', 53, 7, 0, 8, NULL, 16, 10, 0),
(1143, 'Соус сырный', 356, 2.5, 36, 0.5, NULL, 16, 10, 0),
(1144, 'Соус чесночный', 335, 1.6, 32.2, 9.1, NULL, 16, 10, 0),
(1145, 'Стевия в таблетках', 272, 0, 0, 68, NULL, 16, 10, 0),
(1146, 'Уксусная эссенция 70 %', 0, 0, 0, 0, NULL, 16, 10, 0),
(1147, 'Фруктоза', 399, 0, 0, 99.8, NULL, 16, 10, 0),
(1148, 'Хмели-сунели', 417, 5, 40, 10, NULL, 16, 10, 0),
(1149, 'Цедра апельсина', 16, 0.9, 0.1, 3, NULL, 16, 10, 0),
(1150, 'Брускетта', 315, 4.7, 23, 21.7, NULL, 4, 6, 1),
(1151, 'Запеканка творожная', 168, 17.6, 4.2, 14.2, NULL, 4, 6, 1),
(1152, 'Молоко кокосовое', 75, 1, 7.5, 1.3, NULL, 10, 10, 1),
(1153, 'Молоко сгущенное без сахара', 131, 6.6, 7.5, 9.4, NULL, 10, 10, 1),
(1154, 'Молоко сгущенное с сахаром', 320, 7.2, 8.5, 56, NULL, 10, 10, 1),
(1155, 'Простокваша 1%', 40, 3, 1, 4.1, NULL, 10, 10, 1),
(1156, 'Ряженка 1%', 40, 3, 1, 4.2, NULL, 10, 10, 1),
(1157, 'Ряженка 3.2%', 57, 2.9, 3.2, 4.1, NULL, 10, 10, 1),
(1158, 'Снежок', 74, 2.9, 2.5, 10, NULL, 10, 10, 1),
(1159, 'Жир бараний топленый', 897, 0, 99.7, 0, NULL, 15, 10, 1),
(1160, 'Жир говяжий топленый', 897, 0, 99.7, 0, NULL, 15, 10, 1),
(1161, 'Жир кондитерский', 897, 0, 99.7, 0, NULL, 15, 10, 1),
(1162, 'Маргарин экстра', 744, 0.5, 82, 1, NULL, 15, 10, 1),
(1163, 'Масло авокадо', 884, 0, 100, 0, NULL, 15, 10, 1),
(1164, 'Масло какао', 899, 0, 99, 0, NULL, 15, 10, 1),
(1165, 'Масло кедрового ореха', 898, 0, 99, 0, NULL, 15, 10, 1),
(1166, 'Масло рапсовое', 899, 0, 99.9, 0, NULL, 15, 10, 0),
(1167, 'Масло растительное нерафинированное', 899, 0, 99, 0, NULL, 15, 10, 0),
(1168, 'Масло сливочное 60%', 552, 1.3, 60, 1.7, NULL, 15, 10, 1),
(1169, 'Масло сливочное 67%', 610, 1, 67, 1.6, NULL, 15, 10, 1),
(1170, 'Масло сливочное Валио 82%', 740, 0.7, 82, 0.7, NULL, 15, 10, 1),
(1171, 'Масло сливочное крестьянское 72.5%', 662, 1, 72.5, 1.4, NULL, 15, 10, 1),
(1172, 'Сыворотка творожная', 20, 0.8, 0.2, 3.5, NULL, 11, 10, 1),
(1173, 'Сыр Almette с белыми грибами', 251, 6, 23, 5, NULL, 11, 10, 1),
(1174, 'Сыр Almette с зеленью', 216, 6, 20, 3, NULL, 11, 10, 1),
(1175, 'Сыр Almette с огурцами и зеленью', 212, 5, 20, 3, NULL, 11, 10, 1),
(1176, 'Сыр Almette сливочный', 216, 6, 20, 3, NULL, 11, 10, 1),
(1177, 'Сыр Hochland плавленый с ветчиной ломтики', 288, 14, 24, 4, NULL, 11, 10, 1),
(1178, 'Сыр Hochland плавленый с огурцами и укропом ломтики', 269, 15, 21, 5, NULL, 11, 10, 1),
(1179, 'Сыр Hochland творожный с зеленью', 212, 6, 20, 2, NULL, 11, 10, 1),
(1180, 'Сыр Hochland творожный сливочный', 245, 6.5, 22.7, 3.6, NULL, 11, 10, 1),
(1181, 'Сыр Альпийский', 353, 25, 27, 0, NULL, 11, 10, 1),
(1182, 'Сыр Амбер', 220, 31, 10, 10, NULL, 11, 10, 1),
(1183, 'Сыр Ламбер ', 377, 23.7, 30.5, 9, NULL, 11, 10, 1),
(1184, 'Сыр маасдам', 350, 23.5, 26, 0, NULL, 11, 10, 1),
(1185, 'Сыр маскарпоне', 412, 4.8, 41.5, 4.8, NULL, 11, 10, 1),
(1186, 'Сыр Рикотта', 174, 11, 13, 3, NULL, 11, 10, 1),
(1187, 'Сыр Рокфор', 337, 20, 28, 0, NULL, 11, 10, 1),
(1188, 'Сыр Тофу', 73, 8.1, 4.2, 0.6, NULL, 11, 10, 1),
(1189, 'Сырник творожный', 183, 18.6, 3.6, 18.2, NULL, 11, 6, 1),
(1190, 'Сырок Б.Ю. Александров в темном шоколаде', 286, 13.5, 12.9, 29, NULL, 11, 10, 1),
(1191, 'Сырок Б.Ю. Александров в молочном шоколаде', 410, 8.4, 28.2, 30.7, NULL, 11, 10, 1),
(1192, 'Сырок Б.Ю. Александров с ванилью', 242, 2.8, 6.5, 10.5, NULL, 11, 10, 1),
(1193, 'Творог 0.1%', 76, 16.7, 0.1, 2, NULL, 11, 10, 0),
(1194, 'Творог 0.2%', 81, 18, 0.2, 1.8, NULL, 11, 10, 0),
(1195, 'Творог 1 %', 79, 16.3, 1, 1.3, NULL, 11, 10, 0),
(1196, 'Омлет с сыром', 342, 16.3, 29.7, 2.6, NULL, 13, 10, 1),
(1197, 'Яичница глазунья', 215, 11.9, 17.3, 0.7, NULL, 13, 10, 1),
(1198, 'Кекс уфимский', 295, 6.5, 11, 43.2, NULL, 6, 7, 1),
(1199, 'Конфеты Ferrero Rocher', 580, 8.8, 41.3, 43.2, NULL, 6, 7, 1),
(1200, 'Конфеты Raffaello', 623, 9.3, 47.8, 38.8, NULL, 6, 7, 1),
(1201, 'Конфеты батончики Рот-Фронт', 514, 10.7, 29.5, 53.2, NULL, 6, 7, 1),
(1202, 'Конфеты коровка сливочные', 351, 2.7, 4.4, 82.4, NULL, 6, 7, 1),
(1203, 'Конфеты левушка', 371, 1, 7.4, 74.4, NULL, 6, 7, 1),
(1204, 'Коржи бисквитные готовые', 258, 5.9, 0.8, 56.3, NULL, 6, 7, 1),
(1205, 'Коржи вафельные', 341, 10.2, 4.2, 65.7, NULL, 6, 7, 1),
(1206, 'Коржи для медовика', 384, 6.3, 11.4, 64.5, NULL, 6, 7, 1),
(1207, 'Маршмеллоу', 318, 1.8, 0.2, 81.3, NULL, 6, 7, 1),
(1208, 'Мастика сахарная', 393, 0, 1, 96, NULL, 6, 7, 1),
(1209, 'печенье Савоярди', 378, 8.5, 3.8, 76.6, NULL, 6, 7, 1),
(1210, 'Печенье Шакер чурек', 416, 5, 19.8, 49.9, NULL, 6, 7, 1),
(1211, 'Печенье Юбилейное традиционное', 465, 7.6, 19.5, 65.5, NULL, 6, 7, 1),
(1212, 'Пирожное Choco-Pie', 430, 3.6, 16.1, 70.9, NULL, 6, 7, 1),
(1213, 'Пирожное Kinder молочный ломтик', 420, 8.2, 27.9, 34, NULL, 6, 7, 1),
(1214, 'Пирожное Орешек', 397, 5.8, 16.5, 49.1, NULL, 6, 7, 1),
(1215, 'Пирожное Песочное кольцо с орехаит', 420, 4.8, 9.2, 55.3, NULL, 6, 7, 1),
(1216, 'Пирожное Творожное кольцо', 326, 11.2, 16.7, 24.8, NULL, 6, 7, 1),
(1217, 'Пирожное Трубочка с кремом', 454, 1.7, 25.2, 50.9, NULL, 6, 7, 1),
(1218, 'Профитроли', 253, 9.6, 16, 18.7, NULL, 6, 7, 1),
(1219, 'Чурчхела', 410, 5, 15, 63, NULL, 6, 7, 1),
(1220, 'Язычки слоеные', 368, 5.4, 21.6, 37.5, NULL, 6, 6, 1),
(1221, 'Биойогурт Тема груша-яблоко', 84, 3.2, 2.8, 11.6, NULL, 31, 10, 1),
(1222, 'Биотворог Тема  зеленое яблоко', 85, 3.2, 2.8, 11.7, NULL, 31, 10, 1),
(1223, 'Биойогурт Тема  классический', 95, 9.1, 5, 3.5, NULL, 31, 10, 1),
(1224, 'Биокефир Тема детский 3.2%', 56, 2.8, 3.2, 4.1, NULL, 31, 10, 1),
(1225, 'Гречневая каша Nestle безмолочная', 377, 11, 3, 76.5, NULL, 31, 8, 1),
(1226, 'Гречневая каша Nestle молочная', 410, 14, 10, 66, NULL, 31, 8, 1),
(1227, 'Гречневая каша Малютка безмолочная', 375, 11.4, 2.7, 76.3, NULL, 31, 8, 1),
(1228, 'Гречневая каша Малютка молочная с черносливом', 431, 12.8, 12.4, 67.1, NULL, 31, 8, 1),
(1229, 'Йогурт Агуша натуральный 2.9%', 80, 3, 2.9, 10.4, NULL, 31, 10, 1),
(1230, 'Йогурт Агуша питьевой натуральный 3.1%', 58, 3.2, 3.1, 3.7, NULL, 31, 10, 1),
(1231, 'Йогурт Растишка с бананом и печеньем', 108, 3.8, 3, 16.5, NULL, 32, 10, 1),
(1232, 'Йогурт Растишка с земляникой', 88, 2.9, 1.6, 15.6, NULL, 31, 10, 1),
(1233, 'Каша 3 злака Nestle молочная с яблоком и грушей', 416, 14, 10, 67.5, NULL, 31, 8, 1),
(1234, 'Каша 5 злаков Nestle молочная с яблоком и бананом', 418, 14, 10, 68, NULL, 31, 8, 1),
(1235, 'Кисель ФрутоНяня из клюквы', 44, 0, 0, 11, NULL, 31, 10, 1),
(1236, 'Кукурузная каша Малютка безмолочная', 375, 7, 1, 84.5, NULL, 31, 8, 1),
(1237, 'Молоко Тема детское 3.2%', 60, 3, 3.2, 4.7, NULL, 31, 10, 1),
(1238, 'Овсяная каша Hipp с абрикосом и яблоком', 59, 0.5, 0.2, 13, NULL, 31, 8, 1),
(1239, 'Овсяная каша Nestle безмолочная', 382, 10, 6, 72, NULL, 31, 8, 1),
(1240, 'Овсяная каша Nestle молочная с абрикосом и яблоком', 406, 14, 10, 65, NULL, 31, 8, 1),
(1241, 'Печенье детское бегемотик Бонди с железом', 403, 8.4, 11.5, 70, NULL, 31, 10, 1),
(1242, 'Пшеничная каша Nestle молочная с бананом', 414, 15, 10, 66, NULL, 31, 8, 1),
(1243, 'Пшеничная каша Малютка молочная с тыквой', 428, 12.3, 11.3, 69.3, NULL, 31, 8, 1),
(1244, 'Пюре Gerber банан', 80, 0.9, 0.3, 18.5, NULL, 31, 10, 1),
(1245, 'Пюре Gerber морковь', 27, 1, 0.2, 5.1, NULL, 31, 10, 1),
(1246, 'Пюре Gerber  чернослив', 74, 1, 0.3, 16.7, NULL, 31, 10, 1),
(1247, 'Пюре Бабушкино лукошко брокколи', 13, 0, 0, 3.3, NULL, 31, 10, 1),
(1248, 'Пюре Бабушкино лукошко говядина', 140, 8.5, 12, 0, NULL, 31, 5, 1),
(1249, 'Пюре Бабушкино лукошко говядина и овощи', 86, 3, 6, 5, NULL, 31, 5, 1),
(1250, 'Пюре Бабушкино лукошко груша', 40, 0, 0, 9.5, NULL, 31, 10, 1),
(1251, 'Пюре Бабушкино лукошко индейка', 140, 8.5, 12, 0, NULL, 31, 5, 1),
(1252, 'Пюре Бабушкино лукошко кабачок-молоко', 80, 2.1, 4, 8.8, NULL, 31, 5, 1),
(1253, 'Пюре Бабушкино лукошко тыква', 18, 0, 0, 4.6, NULL, 31, 10, 1),
(1254, 'Рисовая каша Nestle безмолочная', 381, 6.5, 1, 86.5, NULL, 31, 8, 1),
(1255, 'Рисовая каша Nestle молочная с бананом', 422, 12, 10, 70.9, NULL, 31, 8, 1),
(1256, 'Смесь Nan Pre', 501, 14.5, 26, 53.6, NULL, 31, 10, 0),
(1257, 'Смесь Nan безлактозный', 503, 10.8, 25, 58.6, NULL, 31, 10, 0),
(1258, 'Смесь Nan 1', 519, 9.6, 27.7, 57.8, NULL, 31, 10, 0),
(1259, 'Смесь Nan 1 гипоаллергенный', 513, 9.7, 26, 59.9, NULL, 31, 10, 0),
(1260, 'Смесь Nan 2', 480, 10.8, 21.5, 60.8, NULL, 31, 10, 0),
(1261, 'Сок Бабушкино лукошко яблоко брусника', 40, 0, 0, 10, NULL, 31, 10, 1),
(1262, 'Сок Сады Придонья яблоко-шиповник', 46, 0, 0, 11.5, NULL, 31, 10, 0),
(1263, 'Сок Сады Придонья яблочно-персиковый с мякотью', 50, 0, 0, 11.5, NULL, 31, 10, 0),
(1264, 'Пюре Бабушкино лукошко цветная капуста', 17, 0, 0, 4.2, NULL, 31, 10, 1),
(1265, 'Большой завтрак McDonalds', 640, 30, 30, 62, NULL, 33, 10, 1),
(1266, 'Десерт вафельный рожок McDonalds', 135, 3, 4, 22, NULL, 33, 7, 1),
(1267, 'Картофель фри McDonalds (большая порция)', 445, 5, 22, 54, NULL, 33, 10, 0),
(1268, 'Картофель фри McDonalds (маленькая порция)', 240, 3, 12, 29, NULL, 33, 10, 1),
(1269, 'Коктейл ванильный 400 мл ', 385, 9, 7, 71, NULL, 33, 10, 0),
(1270, 'Коктейл клубничный 400 мл', 385, 9, 7, 71, NULL, 33, 10, 0),
(1271, 'Сэндвич Чикенбургер', 360, 12, 16, 41, NULL, 33, 9, 1),
(1272, 'Макзавтрак блины стандартные', 235, 7, 3, 45, NULL, 33, 7, 1),
(1273, 'Макзавтрак Макмаффин с яйцом и беконом', 310, 17, 14, 27, NULL, 33, 10, 1),
(1274, 'Макзавтрак МакТост с ветчиной', 280, 14, 11, 30, NULL, 33, 10, 1),
(1275, 'Макзавтрак овсяная каша с джемом', 200, 4, 4, 35, NULL, 33, 8, 1),
(1276, 'Напиток двойной эспрессо McDonalds', 3, 0.2, 0.1, 0.2, NULL, 33, 10, 0),
(1277, 'Сэндвич Биг Мак', 510, 27, 26, 41, NULL, 33, 10, 1),
(1278, 'Сэндвич Биг Тейсти', 850, 44, 52, 50, NULL, 33, 10, 1),
(1279, 'Сэндвич Биф Ролл', 520, 20, 29, 43, NULL, 33, 10, 1),
(1280, 'Сэндвич Двойной Чизбургер', 450, 27, 24, 31, NULL, 33, 10, 1),
(1281, 'Сэндвич Макчикен', 435, 20, 19, 44, NULL, 33, 10, 1),
(1282, 'Сэндвич Роял Де Люкс', 555, 30, 29, 42, NULL, 33, 10, 1),
(1283, 'Сэндвич Филе-о-фиш', 320, 14, 13, 36, NULL, 33, 10, 1),
(1284, 'Сэндвич Фиш Ролл', 475, 17, 23, 49, NULL, 33, 10, 1),
(1285, 'Сэндвич Фреш Ролл', 610, 25, 38, 40, NULL, 33, 10, 1),
(1286, 'Сэндвич Цезарь Ролл', 510, 22, 24, 50, NULL, 33, 10, 1),
(1287, 'Сэндвич Чизбургер', 305, 16, 13, 30, NULL, 33, 10, 1),
(1288, 'Шоколад Alpen Gold молочный', 522, 5.7, 279, 61.4, NULL, 6, 11, 1),
(1289, 'Шоколад Alpen Gold фундук и изюм', 493, 5.7, 25.3, 59.6, NULL, 6, 11, 1),
(1290, 'Шоколад Bounty ', 485, 3.1, 25.3, 60, NULL, 6, 11, 1),
(1291, 'Шоколад Dove молочный с фундуком', 555, 7.5, 34.3, 53, NULL, 6, 11, 1),
(1292, 'Шоколад Kinder', 561, 8.7, 34.7, 53.5, NULL, 6, 11, 1),
(1293, 'Шоколад Kinder сюрприз', 543, 8.6, 32.9, 53, NULL, 6, 11, 1),
(1294, 'Шоколад KitKat', 524, 6.3, 28.2, 61.1, NULL, 6, 11, 1),
(1295, 'Шоколад Mars', 453, 4.4, 18.2, 68, NULL, 6, 11, 1),
(1296, 'Шоколад Milka c фундуком', 545, 6.6, 33.8, 53.4, NULL, 6, 11, 1),
(1297, 'Шоколад MilkyWay', 452, 3.6, 16.8, 71.7, NULL, 6, 11, 1),
(1298, 'Шоколад Nuts арахис', 498, 10.6, 28.5, 49.8, NULL, 6, 11, 1),
(1299, 'Шоколад Picnic', 504, 7.4, 28.8, 56.6, NULL, 6, 11, 1),
(1300, 'Шоколад Snickers', 507, 9.3, 27.9, 54.6, NULL, 6, 11, 1),
(1301, 'Шоколад Twix', 496, 5, 25, 63, NULL, 6, 11, 1),
(1302, 'Коктейль  Energy Diet Smart  манго', 660, 73.3, 16.7, 50, NULL, 32, 10, 1),
(1303, 'Коктейль  Energy Diet Smart  ягодный микс', 333, 43.3, 8.3, 16, NULL, 32, 10, 1);

INSERT INTO risks (risk_id, risk_name) VALUES
(1, 'Очень низкая'),
(2, 'Низкая'),
(3, 'Средняя'),
(4, 'Высокая'),
(5, 'Очень высокая');


INSERT INTO supplement_categories (supplement_category_id, supplement_category_name) VALUES
(1, 'Антиоксиданты'),
(2, 'Ароматизаторы'),
(3, 'Вещества против слеживания'),
(4, 'Влагоудерживающие агенты'),
(5, 'Воски'),
(6, 'Загустители'),
(7, 'Комплексообразователи'),
(8, 'Консерванты'),
(9, 'Красители'),
(10, 'Пенообразователи'),
(11, 'Подсластители'),
(12, 'Разрыхлители'),
(13, 'Регуляторы кислотности'),
(14, 'Стабилизаторы'),
(15, 'Текстураторы'),
(16, 'Усилители вкуса и аромата'),
(17, 'Фиксаторы окраски'),
(18, 'Эмульгаторы');

INSERT INTO supplements (supplement_id, supplement_code, supplement_name, feature, effect_on_body, supplement_category_id, risk_id) VALUES
(8, 'Е100', 'Куркумин', 'Используется в приготовлении кондитерских изделий, ликеров и мясных блюд.', 'Редко крапивница и нейродерматит, особенно у людей страдающих от аллергии на пыльцу полыни', 9, 1),
(9, 'Е101', 'Рибофлавин (витамин В2)', 'Используется для обогащения продуктов питания витамином В2 или как пищевой краситель желтого цвета.', 'Считается безопасным для здоровья', 9, 1),
(10, 'Е102', 'Тартразин', 'Используется в кондитерских изделиях и напитках желтого цвета.', 'Научных данных о его пользе нет. Разрешено использовать в строго нормированных дозах', 9, 3),
(11, 'Е104', 'Желтый хинолиновый', 'В пищевой промышленности используется в копченой рыбе, бакалеи, напитках, для производства цветных драже, леденцов и жевательных резинок. Также используется  в парфюмерии, при производстве зубной пасты, мыла.', 'Научных данных о пользе нет.  Может вызывать воспаление кожных покровов, крапивницу, приступы удушья у астматиков. В ряде стран эта добавка запрещена. В России и Украине разрешена для использования в пищевой промышленности', 9, 3),
(12, 'Е106', 'Рибофлавин -5-фосфат натрия', 'Используется во многих продуктах питания для окрашивания в желтый цвет. Также используется в медицине для производства лекарств.', 'Употребление данной добавки приносит ту же пользу, что и потребление витамина В2.', 9, 1),
(13, 'Е105', 'Желтый прочный АВ', 'В виду своей дешевизны, этот краситель используется в пищевой промышленности в странах Востока(Китай, Тайланд). Также краситель применяется для окраски всех натуральных волокон (шерсти, хлопка).', 'Данная добавка запрещена для использования в пищевых продуктах в России и большинстве стран Европы, так как было доказано ее токсическое влияние на организм.', 9, 4),
(14, 'Е103', 'Алканин', 'Легко восстанавливает цвет продуктов, утерянный при обработке. Используется в ряде стран в качестве красителя для придания цвета кондитерским изделиям.', 'Вызывает раковые опухоли при употреблении в большом количестве. Запрещена в России.', 9, 4),
(15, 'Е107', 'Желтый 2G', 'В пролом  использовали для окрашивания в желтый цвет различных пищевых продуктов', 'В настоящее время  добавка запрещена практически во всех странах, в том числе и России, так как приносит потенциальный вред для организма. Разрешена только в Великобритании.', 9, 4),
(16, 'Е110', 'Желтый \"солнечный закат\"', 'Используется для окрашивании многих продуктов: сырного соуса, рыбных консервов, сухарей, восточных пряностей, пакетированных супов. Часто добавляют в глазурь, джемы и мармелад.', 'Вызывает аллергические реакции, особенно у людей с непереносимостью аспирина. Может вызвать тошноту, несварение желудка. Нельзя допускать эту добавку в детском рационе, во избежании гиперактивного поведения детей. . Научных данных о пользе нет.\r\nЗапрещена во многих странах: Финляндия, США, Норвегия. В России разрешена к использованию.', 9, 4),
(17, 'Е111', 'Оранжевый GGN (альфа-нафтол оранжевый)', 'Изначально использовался в пищевых продуктах в роли синтетического красителя.', 'Этот краситель запрещен  для использовании в пищевых продуктах практически во всех странах, в том числе и России, так как доказано его токсическое влияние на организм.', 9, 5),
(18, 'Е120', 'Кармины', 'Используется в рыбо- и мясоперерабатывающем производстве, молочной и кондитерской промышленности, для изготовления различных напитков.', 'Может быть аллергическая реакция, вплоть до анафилактического шока.', 9, 2),
(19, 'Е122', 'Азорубин, кармуазин', 'Используется в кондитерских изделиях, джемах, напитках, для окрашивания в красный цвет.', 'Возможны аллергические реакции, заболевания желудочно-кишечного тракта', 9, 4),
(20, 'Е123', 'Амарант', 'Запрещен к использованию в России.', 'Вызывает развитие раковых опухолей, пороки развития у плода.', 9, 5),
(21, 'Е124', 'Понсо 4R', 'Используется как краситель в кондитерский промышленности, в производстве напитков, молочных десертов и творожных изделий.', 'Может вызывать развитие онкологических заболеваний,  провоцирует приступы астмы. В России разрешена к использованию в предельно-допустимых дозах', 9, 4),
(22, 'Е126', 'Понсо 6R', 'В России добавка запрещена.', 'Оказывает канцерогенное действие на организм человека и животных.', 9, 5),
(23, 'Е127', 'Эритрозин', 'В России запрещена.', 'Вызывает приступы астмы, вредное воздействие на репродуктивную систему, печень и сердце.', 9, 4),
(24, 'Е129', 'Красный очаровательный АС', 'Используется в производстве полуфабрикатов, кексов, в смесях для желе, в напитках.', 'Может вызвать аллергические реакции. не рекомендуется употреблять людям, чувствительным к аспирину.', 9, 3),
(25, 'Е131', 'Синий патентованный V', 'Краситель голубого или фиолетового цвета. Чаще используется в напитках.', 'Может вызвать аллергические реакции,  вплоть до анафилактического шока, заболевания желудочно-кишечного тракта.', 9, 4),
(26, 'Е132', 'Индигокармин', 'Используется как краситель при производстве безалкогольных напитков в стеклянных бутылках и мороженого. ', 'Может вызвать проблемы с сердцем, тошноту, провоцирует приступы астмы.', 9, 3),
(27, 'Е133', 'Синий блестящий FCF', 'Часто используется в сочетании с тартразином для получения оттенков зеленого цвета. Используется  для производства мороженого, желатина, десертов, безалкогольных напитков.', 'Может вызвать приступ удушья у астматиков и различные аллергические реакции.', 9, 3),
(28, 'Е134', 'Быстрый зеленый', 'Запрещен для использования в пищевых продуктах', 'Приводит к развитию раковых опухолей в мочевом пузыре.', 9, 5),
(29, 'Е140', 'Хлорофилл', 'Придает оливковые оттенки при производстве кремов, мороженого, молочных десертов, майонеза.', 'Обладает противораковым действием', 9, 1),
(30, 'Е141', 'Хлорофилла медные комплексы', 'Используется в молочной промышленности как краситель.', 'Считается безопасным для здоровья.', 9, 1),
(31, 'Е142', 'Зеленый S', 'Применяется как краситель при изготовлении мятного соуса, консервированного горошка, фруктов, мороженого.', 'Может вызывать аллергические реакции.', 9, 3),
(32, 'Е150', 'Сахарный колер', 'Подкрашивает продукты в карамельный коричневый цвет. ', '', 9, 2),
(33, 'Е152', 'Уголь', 'Применяется при производстве сыров, кондитерских и других изделий как самостоятельно, так и в смесях с другими красителями для получения различных оттенков.', 'Может спровоцировать приступ удушья у астматиков, аллергические реакции, гиперактивность у детей', 9, 3),
(34, 'Е153', 'Уголь растительный', 'Используется для украшения кондитерских изделий и окрашивания напитков', 'Является безопасной для организма, так как не усваивается в кишечнике.', 9, 1),
(35, 'Е160, 160а', 'Каротины', 'Используется как безопасный краситель в напитках и соках.', 'Не рекомендуется употреблять людям, находящимся в группе риска раковых заболеваний (курильщики, алкоголики)', 9, 1),
(36, 'Е160b', 'Аннато экстракты', 'Используется как пищевой краситель для придания желтого и оранжевого цвета', 'Схож по составу с витамину Е.', 9, 1),
(37, 'Е160c', 'Масло смолы паприки', 'Применяется для окрашивания майонезов, маргаринов, чипсов и соусов на жирной основе', 'Безопасен для здоровья', 9, 1),
(38, 'Е161b', 'Лютеин', 'Оранжевый краситель.', 'Способствует улучшению зрения.  Безопасен для здоровья', 9, 1),
(39, 'Е162', 'Красный свекольный', 'Используется как краситель в пищевой промышленности', 'Является безопасным для организма', 9, 1),
(40, 'Е163', 'Антоцианы', 'Используется как красный краситель.', 'Способствует снижению воспалительных процессов в организме. Есть исследования, что данная добавка помогает сократить риск поражения раком пищевода и прямой кишки.', 9, 1),
(41, 'Е164', 'Шафран', 'Используется в качестве пряности, для придания тонкого аромата, цвета и вкуса различным блюдам. Также может использоваться для окрашивания безалкогольных напитков', 'Улучшает пищеварение, очищает лимфу, почки, печень, улучшает цвет лица и повышает потенцию', 9, 1),
(42, 'Е170', 'Карбонат кальция (мел)', 'В пищевой промышленности используется как краситель, регулятор кислотности, разрыхлитель, препятствующий слеживанию и комкованию.', 'Считается безопасным для организма.', 9, 1),
(43, 'Е171', 'Диоксид титана', 'Используется в качестве белого красителя, отбеливателя. Часто применяется при производстве сухого молока, быстрых завтраков.', 'Может вызвать заболевания печени и почек', 9, 2),
(44, 'Е172', 'Оксиды железа', 'Используется для окраски продуктов в желтые, оранжевые и красные цвета', 'Повышает уровень гемоглобина в крови. ', 9, 1),
(45, 'Е173', 'Алюминий', 'Используется как  краситель для внешнего оформления кондитерских изделий, придает серебристый блестящий оттенок. Используется для производства пищевой фольги.', 'Данная добавка вредна людям с нарушениями функции почек. Повышенное потребление алюминия отрицательно воздействует на метаболизм фосфора и кальция, как следствие  развивается остеопороз', 9, 3),
(46, 'Е174', 'Серебро', 'Используется редко и в малых количествах в виду своей высокой стоимости, применяется для внешнего оформления эксклюзивных кондитерских изделий', 'В малых дозах серебро убивает болезнетворные бактерии и повышает иммунитет человека. При долгом употреблении вызывает нарушение функции почек, головные боли и хроническую усталость', 9, 1),
(47, 'Е175', 'Золото', 'Используется крайне редко и в малых количествах в связи с высокой стоимостью.', 'Безопасен для здоровья человека', 9, 1),
(48, 'Е181', 'Танины пищевые', 'используют в качестве красителя, для придания вяжущего вкуса.', 'Способствует удержанию и усвоению витамина С', 9, 1),
(49, 'Е200', 'Сорбиновая кислота', 'Содержится в соках, безалкогольных напитках, кондитерских и хлебобулочных изделиях, сгущенном молоке. ', 'Обладает антимикробными свойствами, не токсична. Оказывает положительное влияние на организм человека, повышает иммунитет.', 8, 1),
(50, 'Е202', 'Сорбат калия', 'Широко применяется при консервировании пищевых продуктов', 'Безопасна для здоровья, в редких случаях аллергические реакции', 8, 1),
(51, 'Е210', 'Бензойная кислота', 'Используется при приготовлении соусов, пасты, кетчупа, супов, желе, мясной и рыбной продукции, безалкогольных напитках.', 'Может вызвать раковые опухоли, аллергические реакции.', 8, 3),
(52, 'Е211', 'Бензоат натрия', 'Применяется в качестве консерванта и усилителя цвета для мясных и рыбных продуктов. Встречается в таких продуктах как майонез, кетчуп, маргарин, повидло, рыбные консервы, мармелад, фруктовые пасты. ', 'Вызывает развитие аллергических реакций.  В виду своей небезопасности для здоровья применение этого консерванта сокращается.', 8, 4),
(53, 'Е216', 'Пара-оксибензойной кислоты пропиловый эфир', 'Может содержаться в жидких бульонах, покрытиях мясных продуктов и сыров.', 'В настоящее время данная добавка мало изучена. она запрещена в ряде стран, в том числе и России. Может обладать канцерогенным эффектом', 8, 4),
(54, 'Е218', 'Пара-оксибензойной кислоты метиловый эфир', 'Используется при производстве мясных и кондитерских изделий. ', 'Безопасна для здоровья человека. Только в больших количествах может вызвать аллергические реакции.', 8, 2),
(55, 'Е220', 'Диоксид серы', 'Широко применяется для защиты овощей и фруктов от преждевременного потемнения и гниения.  Важный компонент в виноделии.', 'Может вызывать аллергические реакции и приступы удушья  у астматиков.', 1, 3),
(56, 'Е223', 'Пиросульфит натрия', 'Используется при производстве различных напитков, вина и пива. Применяется как консервант, препятствующий размножению бактерий. Добавляется в зефир, мармелад, пастилу, джем.', 'При смешивании этой добавки с водой или при нагревании, выделяется токсичный газ, который вызывает серьезные аллергические реакции и приступы астмы.', 1, 3),
(57, 'Е224', 'Пиросудьфит калия', 'Используется как консервант и антиоксидант при обработке вин, для сохранения надлежащего цвета и вкуса. Используется в пивоваренной промышленности как стабилизатор останавливающий процессы брожения.', 'Аллергические реакции, приступы астмы.', 1, 3),
(58, 'Е225', 'Сульфит калия', 'Используется как консервант и антиоксидант, добавляется в вино, пиво, безалкогольные напитки, уксус.', 'Губительно влияет на органы пищеварения, разрушает витамин В1 и В12. Может вызывать аллергические реакции', 1, 3),
(59, 'Е226', 'Сульфит кальция', 'Используется как консервант, отбеливатель при производстве сахара. Увеличивает твердость овощных еонсервов', 'Может вызвать расстройство желудочно-кишечного тракта, приступы астмы у астматиков, аллергические реакции.', 1, 3),
(60, 'Е227', 'Гидросудьфит кальция', 'Применяется как консервант в продуктах из картофеля, восстановленных фруктах в стеклянных банках, горчице, уксусе.', 'Разрушает витамин В1, может быть вредное воздействие на почки, печень.', 8, 3),
(61, 'Е230', 'Дифенил', 'Используется для того, чтобы сохранить внешний вид цитрусовых при транспортировке.', 'Вызывает раковые опухоли.', 8, 3),
(62, 'Е231', 'Орто-фенилфенол', 'Применяется для наружной обработки овощей и фруктов, чтобы предотвратить развитие на них грибков и бактерий (кожура апельсинов, лимонов, мандаринов).', 'При контакте с коже и слизистыми может вызвать их раздражение, ожоги. Может вызвать рвоту, судороги. Обладает канцерогенными свойствами', 8, 3),
(63, 'Е234', 'Низин', 'Применяется в сыроделии, при консервировании мясных и молочных продуктов, зеленого горошка, фасоли, грибов, в производстве масла, сгущенного молока.', 'Может убивать полезные бактерии, принимающие участие в жизнедеятельности организма.', 8, 2),
(64, 'Е235', 'Пимарицин', 'Используется как антибиотик для предупреждения развития грибков в молочных продуктах, мясе и других пищевых изделиях.', 'Может вызвать тошноту, рвоту, диарею при высоких концентрациях.', 8, 2),
(65, 'Е236', 'Муравьиная кислота', 'Используется как консервант при производстве безалкогольных напитков и консервированных овощей.', 'При контакте с кожей вызывает сильные химические ожоги. В больших количествах может вызывать повреждение зрительного нерва и вызвать слепоту.', 8, 3),
(66, 'Е239', 'Уротропин', 'Применяется при консервировании красной зернистой икры, в сыроделии.', 'Вызывает аллергические реакции', 8, 3),
(67, 'Е250', '', '', '', 1, 1),
(68, 'Е250', 'Нитрит натрия', 'Важная добавка для мясной промышленности, способствует приданию более сочной красной окраски, защищает продукты от окисления и порчи бактериями.', 'Весьма токсичное вещество, лучше использовать в смеси с пищевой солью. Вызывает раковые опухоли', 8, 3),
(69, 'Е252', 'Нитрат калия', 'Используется в голландских сырах, мясных изделиях(колбасы, бекон, ветчина, сосиски)', 'Длительное воздействие даже в малых количествах может вызвать анемию или заболевание почек. Может вызвать головокружение, нерегулярный пульс.', 8, 3),
(70, 'Е260', 'Уксусная кислота', 'Широко применяется в приготовлении консервов, маринадов, винегретов', 'Считается безопасной для здоровья', 8, 1),
(71, 'Е262', 'Ацетат натрия', 'Используется для консервирования овощей и фруктов, для смягчения вкуса уксусной кислоты', 'Безопасный для организма', 13, 1),
(72, 'Е270', 'Молочная кислота', 'Используется в качестве натуральной добавки в производстве сыров, майонезов, йогуртов, кефиров и других молочно-кислых продуктов, также встречается в безалкогольных напитках.', 'Безопасна для здоровья человека', 8, 1),
(73, 'Е280', 'Пропионовая кислота', 'Консервант при производстве хлебобулочных изделий', 'Безопасна для здоровья человека', 8, 1),
(74, 'Е290', 'Углекислый газ', 'В качестве консерванта при производстве алкогольных и безалкогольных напитков. В хлебопекарном деле применяется в качестве разрыхлителя, придает пышность хлебобулочным изделиям', 'Считается безопасным для здоровья', 12, 1),
(75, 'Е296', 'Яблочная кислота', 'Используется в качестве регулятора кислотности или как вкусовую добавку при изготовлении вин, кондитерских изделий и фруктовых вод', 'Считается безопасной для здоровья', 13, 1),
(76, 'Е297', 'Фумаровая кислота', 'используется как регулятор кислотности при изготовлении напитков, леденцов и выпечки', 'Считается безопасной для здоровья', 13, 1),
(77, 'Е300', 'Аскорбиновая кислота (витамин С)', 'Препятствует окислению и изменению окраски продуктов.', 'Способствует повышению иммунитета', 1, 1),
(78, 'Е301', 'Аскорбат натрия', 'Используется при производстве мясных продуктов и изделий из рыбы', 'Препятствует развитию атеросклероза, помогает уменьшить риск сердечных заболеваний.', 1, 1),
(79, 'Е307', 'Альфа-токоферол (витамин Е)', 'Используется для замедления процессов окисления продуктов', 'Считается безопасным для здоровья', 1, 1),
(80, 'Е320', 'Бутилгидроксианизол', 'Используется при производстве различных концентратов, полуфабрикатов, жевательных конфет и резинок', 'Повышает холестерин в крови.  Есть исследования что эта добавка является канцерогеном.', 8, 4),
(81, 'Е322', 'Лецитин', 'Используется в качестве эмульгатора при производстве маргарина, молочных продуктов, шоколадных изделий и глазури', 'Необходим человеку для обновления и восстановления поврежденных клеток', 1, 1),
(82, 'Е327', 'Лактат кальция', 'Применяется в производстве кондитерских изделий, чипсов и консервов.', 'Безопасный для здоровья человека. Является хорошим источником кальция', 13, 1),
(83, 'Е330', 'Лимонная кислота', 'Применяется как вкусовая добавка в пищевые продукты', 'Считается безопасной для здоровья', 8, 1),
(84, 'Е331', 'Цитрат натрия', 'Используется в производстве пастилы, суфле, мармелада, плавленных сырков, детского питания, йогуртов', 'Используется как лекарство для лечения цистита. Способствует уменьшению изжоги и снижает последствия похмелья', 14, 1),
(85, 'Е333', 'Цитрат кальция', 'используется при изготовлении сгущенного молока, сухих сливок, плавленного сыра, джемов, желе', 'Восполняет запасы кальция. Есть данные , что эта добавка может предотвращать заболевания раком толстой кишки', 8, 1),
(86, 'Е363', 'Янтарная кислота', 'Используется в десертах, супах, бульонах, сухих напитках', 'Считается безопасной для здоровья', 13, 1),
(87, 'Е375', 'Никотиновая кислота', 'Используется в качестве стабилизатора окраски', 'Синтетический аналог витамина РР', 14, 2),
(88, 'Е401', 'Альгинат натрия', 'Применяется при изготовлении мармелада, конфет, желе, джемов. Для осветвления соков, замутнения безалкогольных напитков.', 'Способствует выведению из организма солей тяжелых металлов и радионуклидов', 14, 1),
(89, 'Е406', 'Агар-агар', 'Применяется в кондитерском производстве: мармелад, помадки, пудинги, зефир, желеобразные кремы.  Используется в производстве диабетической продукции, жевательной резинки.', 'Способствует выведению из организма шлаков и токсинов. Нормализует работу печени и способствует улучшению обменных процессов', 14, 1),
(90, 'Е334', 'Винная кислота', 'используется в качестве регулятора кислотности и антиоксиданта пр производстве консервов, джемов, желе. Широко используется в виноделии', 'Является мышечным токсином, в высоких дозах вызывает паралич и смерть', 1, 1),
(91, 'Е336', 'Татртат калия', 'Используется в пищевой промышленности: супы, мармелад, джем, желе, соки и концентраты', 'Защищает клетки от преждевременного старения', 14, 1),
(92, 'Е338', 'Орто-фосфорная кислота', 'Используется для подкисления продуктов. Широко применяется в газированных напитках', 'Нарушает кислотно-щелочной баланс в сторону повышения кислотности, способствует образованию кариеса, остеопороза.', 13, 3),
(93, 'Е339', 'Фосфаты натрия', 'Входит в состав хлебобулочных и кондитерских изделий, безалкогольных напитков, молочной продукции, супов, бульонов, соусов, сыров, продуктов быстрого приготовления', 'Приводит к нарушению нормального функционирования кишечника. Это основное действующее вещество слабительного препарата', 18, 2),
(94, 'Е407', 'Карраген', 'Основное назначение- образование гелей. Используется как загуститель, эмульгатор и стабилизатор. добавляют в колбасные изделия для увеличени обьема готовой продукции', 'Может спровоцировать развитие язвенной болезни желудка', 14, 1),
(95, 'Е410', 'Камедь рожкового дерева', 'Применяется в производстве мороженого, молочных десертов, хлебобулочных изделий, плавленных сыров.', 'Не расщепляется в желудочно-кишечном тракте и выводится из организма в неизменном виде. Поэтому считается безопасной для организма', 18, 1),
(96, 'Е412', 'Гуаровая камедь', 'Улучшает внешний вид различных салатов, приправ, кетчупов. Применяется в качестве стабилизатора в мясной промышленности, увеличивает срок годности изделий, придает им большую упругость и плотность', 'Считается безопасной для здоровья', 6, 1),
(97, 'Е414', 'Гуммиарабик', 'В кондитерской и хлебобулочной промышленности предотвращает засахаривание, образование комков и пены. Применяется при производстве йогуртов, мороженого, сливок и кремов. Позволяет увеличить объем продукта, приготовить стойкую эмульсию', 'Считается безопасной для здоровья', 18, 1),
(98, 'Е415', 'Ксантановая камедь', 'Входит в состав соусов, салатов, используется в хлебобулочной промышленности. В производстве майонеза применяется для улучшения связываемости искусственных яичных белков и жировой эмульсии', 'Считается безопасной для здоровья', 14, 1),
(99, 'Е417', 'Тары камедь', 'Применяется при производстве мороженого, молочных десертов', 'Считается безопасной для здоровья', 18, 1),
(100, 'Е420', 'Сорбит', 'Используется как подсластитель, эмульгатор, текстуратор. Может вытягивать влагу из воздуха, что дает возможность продуктам долгое время оставаться свежими', 'В больших дозировках действует как слабительное', 11, 2),
(101, 'Е421', 'Маннит', 'Используется как подсластитель и вещество, препятствующее комкованию', 'Нельзя применять при нарушении выделительной функции почек или тяжелой недостаточности кровообращения, может вызвать признаки обезвоживания', 3, 2),
(102, 'Е422', 'Глицерин', 'используется в производстве кондитерских изделий, некоторых алкогольных напитках. В нем хорошо растворяются другие вещества.', 'Считается  безопасным для здоровья', 18, 1),
(103, 'Е440', 'Пектины', 'Применяется как гелеобразователь, стабилизатор, влагоудерживающий агент, загуститель. Используется при производстве конфет, мармелада, зефира, фруктовых и желейных начинок, молочных продуктов, майонеа', 'Способствуют очистке кишечника, выводят шлаки', 6, 1),
(104, 'Е470, 470а', 'Натриевые, калиевые соли жирных кислот', 'Используется в виде агентов, препятствующих слеживанию при производстве порошкообразных продуктов: сахарная пудра, сухие супы и бульоны', 'Не рекомендуется употреблять людям, страдающим нарушением обмена веществ', 14, 3),
(105, 'Е471', 'Моно- и диглицериды жирных кислот', 'Используется в производстве маргарина, мороженого, йогуртов и других продуктов с высоким содержанием жира', 'Считается безопасной для здоровья', 14, 2),
(106, 'Е472', 'Эфиры и глицериды кислот', 'Применяется в качестве эмульгатора и загустителя', 'Считается безопасной для здоровья', 6, 1),
(107, 'Е500', 'Карбонаты натрия (пищевая сода)', 'Применяется в хлебопечении, производстве кондитерских изделий.', 'Считается безопасной для здоровья', 12, 1),
(108, 'Е503', 'Карбонат аммония', 'Применяют вместо соды или дрожжей в кондитерской промышленности и хлебопечении.', 'Считается безвредной для здоровья', 12, 2),
(109, 'Е504', 'Карбонат магния (разрыхлитель)', 'Используется как антиокислитель для сохранения цвета продуктов. Часто используется в качестве добавки к поваренной соли, чтобы избежать ее комкования.', 'Считается безопасной для организма', 14, 2),
(110, 'Е507', 'Соляная кислота', 'Применяется в качестве регулятора кислотности для изготовления фруктозы, лимонной кислоты, желатина', 'Токсична, вызывает сильные ожоги слизистых оболочек, удушье, разрушает зубы', 13, 3),
(111, 'Е508', 'Хлорид калия', 'Используется как желирующий агент, добавка к поваренной соли, для получения соли с пониженным содержанием натрия', 'Считается безопасной для здоровья', 6, 1),
(112, 'Е509', 'Хлорид кальция', 'используется для сгущения продукта и увеличения его конечного количества. Активно используется при производстве творога, сыра и сухого молока.  Можно встретить в составе мармелада, желе, консервированных фруктах и овощах.', 'При высоких дозировках вызывает кишечные раздражения, вплоть до развития язвы', 18, 2),
(113, 'Е515', 'Сульфат калия', 'Используется как регулятор кислотности', 'Считается безопасным для здоровья', 13, 1),
(114, 'Е516', 'Сульфат кальция', 'Используется в качестве эмульгатора, улучшитель муки и хлеба, отвердитель', 'Считается безопасным для здоровья', 18, 1),
(115, 'Е1520', 'Пропиленгликоль', 'Входит в состав овсяного печенья, безалкогольных и энергетических напитков, бисквитных рулетов', 'Может вызвать аллергические реакции', 4, 2),
(116, 'Е1518', 'Триацетин', 'Используется в качестве ароматизатора, стабилизатора, загустителя, связующего вещества. Входит в состав таких ароматизаторов как аромат кокоса', 'Считается безопасным для здоровья', 6, 2),
(117, 'Е1510', 'Этанол', 'Основной компонент спиртных напитков, в малых дозах  содержится в напитках брожения, не причисляемых к алкогольным (квас, кумыс). Используется в качестве растворителя для пищевых ароматизаторов и как консервант.', 'Оказывает вред здоровью в зависимости от дозы и способа попадания в организм. Наносит непоправимый вред печени, почкам, сердечно-сосудистой системе, нарушает работу головного мозга.', 8, 1),
(118, 'Е1422', 'Ацетилдикрахмаладипат', 'Применяется как стабилизатор вязкости при изготовлении йогуртов', 'Замедляется переваривание пищи в кишечнике', 6, 2),
(119, 'Е1400', 'Декстрин', 'Используется в качестве стабилизатора, загустителя, связующего компонента', 'Считается безопасным для здоровья', 6, 1),
(120, 'Е1105', 'Лизоцим', 'Используется как консервант при производстве сыра', 'Может вызывать аллергические реакции', 8, 1),
(121, 'Е1100', 'Амилаза', 'Используется как улучшитель муки и хлеба, при изготовлении дрожжевого теста, придавая хлебу специфический вкус и поднимая тесто.', 'Считается безопасной для здоровья', 15, 1),
(122, 'Е1102', 'Глюкозооксидаза', 'Основное применение как улучшитель теста', 'Возможны аллергические реакции', 15, 1),
(123, 'Е999', 'Экстракт квиллайи', 'Используется как пенообразователь при производстве безалкогольных газированных напитков и пива', 'Может привести к раздражению желудочно-кишечного тракта.', 4, 2),
(124, 'Е967', 'Ксилит', 'Применяется вместо сахара в производстве кондитерских изделий для больных диабетом и ожирением', 'По некоторым данным может вызывать рак мочевого пузыря.\r\nМожет вызвать слабительный эффект и повышенное выделение желчи', 18, 2),
(125, 'Е965', 'Мальтит', 'Используется при приготовлении драже, обеспечивает твердое покрытие.', 'Считается безопасным для здоровья', 11, 2),
(126, 'Е954', 'Сахарин', 'Используется в качестве подсластителя и ароматизатора, на его основе производят сахарозаменители. в настоящее время его использование сокращено', 'Не обладает полезными свойствами, он имеет низкую калорийность, но похудеть не получится, так как он снижает сжигание калорий и повышает аппетит', 16, 3),
(127, 'Е953', 'Изомальт', 'Используется в кондитерской промышленности: грильяж, мягкая и твердая карамель, драже, конфитюр, мороженое. Он придает продуктам должный объем, обеспечивает нужную структуру при средней сладости.', 'Считается безопасным для здоровья. Разрешен для употребления диабетикам. ', 11, 2),
(128, 'Е951', 'Аспартам', 'Самый распространенный химический сахарозаменитель', 'Вызывает головную боль, мигрень, звон в ушах, аллергии. ', 11, 2),
(129, 'Е901', 'Воск', 'Применяется в качестве покрытия в жевательных резинках и как составляющая медового аромата, для обработки поверхности фруктов, в глазурированных кондитерских изделиях.', 'Считается безопасным для здоровья', 5, 1),
(130, 'Е905b', 'Вазелин', 'используется в качестве глазирователя в свежих цитрусовых, дынях, ананасах, персиках, конфетах, драже, шоколаде, жевательной резинке. Используется для глянцевания карамели, драже, для обработки поверхности сыров', 'Считается безопасным для здоровья', 5, 1),
(131, 'Е913', 'Ланолин', 'Используется как воск для смазывания форм и сковородок, в качестве предохранительных покрытий для яиц, овощей, фруктов, как пропитка для оберточного материала при упаковке овощей и фруктов', 'Считается безопасным даже для детей', 5, 1),
(132, 'Е916', 'Кальция йодат', 'Улучшитель муки и хлеба как микроэлемент и источник йода при производстве комбикормов.', 'Считается безопасным для здоровья', 15, 1),
(133, 'Е957', 'Тауматин', 'Входит в состав мороженого, сухофруктов, жевательной резинки без сахара', 'Считается безопасным для здоровья', 11, 1),
(134, 'Е900', 'Диметилполисилоксан', 'Применяется как пеногаситель в сахарной, спиртовой, дрожжевой и молочной промышленности', 'Может вызвать аллергические реакции', 10, 2),
(135, 'Е930', 'Пероксид кальция', 'Применяется как улучшитель муки и хлеба', 'Может вызвать раздражение кожных покровов и дыхательной системы', 15, 2),
(136, 'Е941', 'Азот', 'Используется в качестве защитного газа для упаковки хлебобулочных изделий, мяса, рыбы, орехов способных к окислению', 'Вдыхание чистого азота вызывает удушье из за отсутствия кислорода', 14, 1),
(137, 'Е491', 'Сорбитанмоностеарат СПЭН 60', 'Применяется как стабилизатор консистенции, загуститель, текстуратор, связующий агент в жидких концентратах чая, фруктовых и травяных отварах', 'Чрезмерное употребление может привести к фиброзу, задержке роста и увеличению печени', 14, 3),
(138, 'Е321', 'Бутилгидрокситолуол', 'Антиоксидантная добавка', 'Вызывает гиперактивность и увеличивает риск развития рака', 1, 3),
(139, 'Е642', 'Лизин', 'Применяется в качестве модификатора вкуса и запаха бульонов, кулинарных изделий, продуктов быстрого приготовления', 'Считается безопасным для здоровья', 16, 1);
